,Penelope Guiness,Nick Wahlberg,Ed Chase,Jennifer Davis,Johnny Lollobrigida,Bette Nicholson,Grace Mostel,Matthew Johansson,Joe Swank,Christian Gable,Zero Cage,Karl Berry,Uma Wood,Vivien Bergen,Cuba Olivier,Fred Costner,Helen Voight,Dan Torn,Bob Fawcett,Lucille Tracy,Kirsten Paltrow,Elvis Marx,Sandra Kilmer,Cameron Streep,Kevin Bloom,Rip Crawford,Julia Mcqueen,Woody Hoffman,Alec Wayne,Sandra Peck,Sissy Sobieski,Tim Hackman,Milla Peck,Audrey Olivier,Judy Dean,Burt Dukakis,Val Bolger,Tom Mckellen,Goldie Brody,Johnny Cage,Jodie Degeneres,Tom Miranda,Kirk Jovovich,Nick Stallone,Reese Kilmer,Parker Goldberg,Julia Barrymore,Frances Day-Lewis,Anne Cronyn,Natalie Hopkins,Gary Phoenix,Carmen Hunt,Mena Temple,Penelope Pinkett,Fay Kilmer,Dan Harris,Jude Cruise,Christian Akroyd,Dustin Tautou,Henry Berry,Christian Neeson,Jayne Neeson,Cameron Wray,Ray Johansson,Angela Hudson,Mary Tandy,Jessica Bailey,Rip Winslet,Kenneth Paltrow,Michelle Mcconaughey,Adam Grant,Sean Williams,Gary Penn,Milla Keitel,Burt Posey,Angelina Astaire,Cary Mcconaughey,Groucho Sinatra,Mae Hoffman,Ralph Cruz,Scarlett Damon,Woody Jolie,Ben Willis,James Pitt,Minnie Zellweger,River Dean,Greg Chaplin,Spencer Peck,Kenneth Pesci,Charlize Dench,Sean Guiness,Christopher Berry,Kirsten Akroyd,Ellen Presley,Kenneth Torn,Daryl Wahlberg,Gene Willis,Meg Hawke,Chris Bridges,Jim Mostel,Spencer Depp,Susan Davis,Walter Torn,Matthew Leigh,Penelope Cronyn,Sidney Crowe,Groucho Dunst,Gina Degeneres,Warren Nolte,Sylvester Dern,Susan Davis,Cameron Zellweger,Russell Bacall,Morgan Hopkins,Morgan Mcdormand,Harrison Bale,Dan Streep,Renee Tracy,Cuba Allen,Warren Jackman,Penelope Monroe,Liza Bergman,Salma Nolte,Julianne Dench,Scarlett Bening,Albert Nolte,Frances Tomei,Kevin Garland,Cate Mcqueen,Daryl Crawford,Greta Keitel,Jane Jackman,Adam Hopper,Richard Penn,Gene Hopkins,Rita Reynolds,Ed Mansfield,Morgan Williams,Lucille Dee,Ewan Gooding,Whoopi Hurt,Cate Harris,Jada Ryder,Angela Witherspoon,Kim Allen,Albert Johansson,Fay Winslet,Emily Dee,Russell Temple,Jayne Nolte,Geoffrey Heston,Ben Harris,Minnie Kilmer,Meryl Gibson,Ian Tandy,Fay Wood,Greta Malden,Vivien Basinger,Laura Brody,Chris Depp,Harvey Hope,Oprah Kilmer,Christopher West,Humphrey Willis,Al Garland,Nick Degeneres,Laurence Bullock,Will Wilson,Kenneth Hoffman,Mena Hopper,Olympia Pfeiffer,Groucho Williams,Alan Dreyfuss,Michael Bening,William Hackman,Jon Chase,Gene Mckellen,Lisa Monroe,Ed Guiness,Jeff Silverstone,Matthew Carrey,Debbie Akroyd,Russell Close,Humphrey Garland,Michael Bolger,Julia Zellweger,Renee Ball,Rock Dukakis,Cuba Birch,Audrey Bailey,Gregory Gooding,John Suvari,Burt Temple,Meryl Allen,Jayne Silverstone,Bela Walken,Reese West,Mary Keitel,Julia Fawcett,Thora Temple
Penelope Guiness,19,0,0,4,0,2,1,0,0,2,0,1,1,1,1,1,0,0,0,3,0,1,0,2,0,1,0,0,0,1,0,1,0,1,0,1,1,0,0,1,0,0,1,0,0,1,1,1,2,0,0,0,2,1,0,0,1,1,1,0,1,0,0,3,1,1,0,0,0,0,0,0,0,0,0,0,2,0,0,0,0,0,0,0,0,1,0,0,0,1,0,2,0,0,0,0,1,0,0,0,0,1,2,0,1,0,1,1,1,0,0,0,0,0,0,2,1,0,1,2,0,0,1,0,1,1,0,2,0,1,0,0,0,1,0,0,1,1,1,1,1,0,0,0,0,0,0,0,0,1,0,0,0,0,1,0,0,0,0,0,1,1,1,2,1,2,1,1,0,0,1,0,1,0,0,0,0,0,0,1,0,0,0,0,0,0,2,2,1,0,0,2,0,0,1,2,0,2,0,0
Nick Wahlberg,0,25,0,0,2,0,0,3,1,0,1,1,0,0,1,0,0,2,1,0,1,2,2,1,1,0,1,0,2,2,0,0,1,0,0,0,2,1,0,1,1,0,2,0,0,1,0,0,2,0,0,1,1,1,1,1,0,0,0,2,1,0,1,1,0,1,0,1,0,1,1,2,1,1,0,1,1,1,0,0,1,1,2,1,0,3,1,0,0,1,0,0,0,0,1,1,0,2,0,1,0,0,2,0,0,1,1,2,2,0,1,1,0,1,0,1,3,1,1,0,0,0,0,2,1,0,1,1,1,1,0,0,0,0,2,2,1,1,1,1,1,0,2,2,0,1,1,1,2,1,0,0,1,2,1,2,1,2,1,0,0,0,0,0,0,0,0,0,0,0,0,0,1,0,0,1,1,0,1,2,0,0,0,0,1,0,1,0,0,0,1,1,0,0,0,0,2,1,1,1
Ed Chase,0,0,22,1,0,0,1,0,0,2,1,1,3,0,0,3,0,0,0,0,1,1,1,0,0,1,2,1,0,1,0,0,1,3,0,1,1,3,0,0,1,0,2,0,0,0,0,0,0,1,0,1,0,0,1,1,2,0,0,1,0,2,0,1,0,0,0,1,1,1,0,0,0,1,0,0,1,1,1,1,2,3,0,1,0,0,0,0,1,0,0,1,2,1,0,1,1,0,1,2,2,1,1,0,1,1,0,0,1,2,1,0,0,0,1,1,1,1,0,1,0,1,0,2,2,0,1,0,1,0,1,1,0,0,1,0,0,0,1,0,1,1,0,1,0,1,1,0,1,0,1,0,1,1,1,0,1,1,0,1,0,0,1,0,0,0,2,2,1,1,0,0,0,2,0,2,2,0,0,1,2,0,1,4,0,0,2,2,0,1,3,1,0,1,0,0,1,1,0,0
Jennifer Davis,4,0,1,22,0,0,3,0,0,0,0,1,2,0,2,1,0,0,1,1,3,2,1,2,0,1,1,0,1,1,0,0,2,0,0,1,0,0,0,1,1,1,1,1,2,1,2,0,0,1,1,1,1,1,0,1,1,2,0,0,1,1,0,3,2,1,0,0,0,0,0,0,1,0,0,0,1,0,0,1,1,0,0,1,0,1,0,1,1,0,1,1,1,1,1,0,1,0,2,1,2,0,1,0,1,1,1,1,2,1,1,0,0,0,0,2,0,0,0,2,1,0,0,0,1,1,0,1,0,1,0,1,0,2,0,1,2,2,0,1,0,1,1,1,0,1,0,0,0,1,1,0,0,0,0,1,1,1,0,0,2,1,0,2,2,2,1,1,1,0,0,0,1,0,1,0,0,0,2,0,0,1,0,1,0,0,2,0,0,2,1,0,0,0,0,1,1,3,0,1
Johnny Lollobrigida,0,2,0,0,29,1,0,0,3,0,0,0,3,0,1,1,0,1,0,2,0,2,0,0,1,3,4,0,1,2,1,0,0,1,2,1,2,0,1,0,2,4,1,0,1,0,1,0,1,2,0,1,0,0,1,1,1,1,2,2,1,2,1,0,1,0,0,1,1,1,0,3,0,2,0,1,0,1,0,1,0,2,2,1,2,2,0,0,0,0,1,0,0,0,0,1,1,0,0,0,1,3,0,0,1,0,1,4,0,1,2,1,2,1,1,1,0,1,0,2,0,0,0,3,0,0,3,3,2,1,1,1,0,2,0,0,1,1,0,0,2,0,0,0,0,1,1,0,2,0,1,0,3,0,1,0,1,0,0,0,1,1,0,0,3,1,0,1,1,0,1,0,1,0,0,0,0,1,5,2,1,0,0,2,5,0,0,1,1,2,0,0,0,0,1,0,1,1,1,0
Bette Nicholson,2,0,0,0,1,20,0,0,0,0,0,0,1,0,0,1,0,0,0,1,0,0,1,3,0,0,1,1,1,1,1,1,1,0,1,0,0,0,0,0,1,0,1,1,2,0,1,1,0,0,1,1,1,0,0,1,1,0,0,0,1,0,1,0,1,0,1,0,0,1,0,0,0,2,0,1,0,0,0,0,1,1,2,0,0,0,1,0,1,0,1,1,0,0,3,0,0,2,0,0,0,1,3,1,2,2,0,2,2,0,0,0,0,0,0,1,1,0,1,1,1,1,1,2,0,0,2,0,0,1,1,0,0,0,0,0,2,0,0,2,2,0,0,1,1,0,0,0,2,1,2,0,0,1,0,1,0,0,0,1,0,1,0,0,0,0,1,3,0,0,1,0,0,1,1,1,0,2,1,0,1,0,0,0,0,1,1,1,2,0,1,0,1,0,0,0,2,1,0,0
Grace Mostel,1,0,1,3,0,0,30,1,0,0,0,0,0,1,1,2,4,0,1,0,0,0,3,1,0,2,2,1,0,1,1,0,1,1,1,0,1,1,0,1,0,0,0,0,3,2,4,0,0,1,0,1,0,1,1,0,1,0,0,1,1,0,2,0,0,1,2,0,1,1,0,0,0,1,1,0,0,0,0,0,1,0,1,1,1,0,0,0,1,0,2,1,1,0,0,1,1,0,0,3,2,1,1,0,1,1,0,2,0,1,2,1,1,3,0,1,0,0,2,2,2,2,1,1,0,1,1,1,0,2,0,1,2,3,0,2,3,2,0,3,1,1,1,1,0,1,3,2,0,0,3,2,1,2,1,0,1,1,0,0,1,0,0,1,0,1,2,1,0,2,0,2,0,1,1,1,1,0,2,0,0,0,0,2,1,1,1,1,0,3,0,1,0,1,0,0,3,2,1,0
Matthew Johansson,0,3,0,0,0,0,1,20,1,0,2,0,0,1,0,0,0,1,2,0,2,0,0,0,1,0,1,2,0,1,0,1,0,0,0,0,0,1,0,1,0,0,0,0,2,0,0,0,1,0,1,0,0,0,0,2,0,0,0,2,1,0,0,0,1,1,0,3,1,0,1,0,1,2,0,0,1,0,2,0,1,0,1,0,1,1,1,0,0,1,1,1,0,0,0,1,0,0,0,0,0,3,1,1,0,1,1,2,0,0,0,1,0,0,0,0,0,0,0,0,1,1,1,0,1,0,1,2,0,0,0,0,0,0,1,1,0,1,0,0,0,1,2,1,0,0,1,0,1,0,1,0,1,2,0,1,1,2,0,1,0,0,0,0,0,1,1,2,0,0,0,1,0,0,0,2,1,0,1,1,1,0,0,0,1,0,0,1,0,0,0,1,0,0,1,0,3,0,0,0
Joe Swank,0,1,0,0,3,0,0,1,25,2,0,0,0,0,0,0,1,0,2,0,0,1,0,1,2,1,2,1,0,0,0,1,0,0,0,0,2,0,1,0,0,1,1,1,0,1,0,1,1,1,1,0,1,1,1,0,0,0,1,0,1,0,0,0,0,2,0,1,1,1,0,2,1,0,0,1,0,2,0,0,0,0,1,0,1,0,1,0,0,1,0,0,1,0,0,2,0,0,0,0,1,0,1,1,1,0,2,0,0,0,1,0,1,0,0,1,0,1,0,0,1,0,0,2,0,1,0,0,2,0,0,1,0,1,0,0,1,0,0,2,0,2,0,0,0,2,0,0,1,3,0,1,0,0,0,0,0,0,0,0,0,0,2,1,1,0,1,1,2,0,1,1,1,1,1,0,0,2,2,1,1,0,0,1,1,1,1,1,0,0,0,0,0,0,0,1,4,0,0,0
Christian Gable,2,0,2,0,0,0,0,0,2,22,1,1,2,0,1,0,1,0,0,2,2,2,1,0,1,1,1,0,0,1,0,1,1,1,1,1,3,0,2,1,0,0,0,0,0,1,0,0,2,0,0,0,3,0,1,1,0,1,1,0,1,0,0,2,1,0,1,1,2,1,0,1,0,0,0,1,1,1,0,0,0,1,0,2,1,0,1,0,1,0,0,1,1,0,0,1,0,1,1,0,0,1,1,0,0,1,0,0,3,1,0,0,0,0,0,2,0,0,0,1,0,1,0,2,0,0,0,1,0,0,2,0,1,0,0,0,0,2,0,0,1,1,1,0,0,2,1,0,1,0,1,1,1,0,1,0,0,0,0,0,0,1,1,0,0,1,1,0,1,0,0,0,0,0,2,0,1,3,0,0,1,0,2,1,1,1,1,1,0,0,1,0,0,1,0,1,1,1,0,0
Zero Cage,0,1,1,0,0,0,0,2,0,1,25,0,1,0,0,1,0,0,0,1,2,0,1,1,0,0,1,2,1,0,0,2,0,0,0,2,2,0,1,1,0,0,0,2,0,1,0,0,3,0,1,0,0,3,2,0,0,0,0,1,1,1,0,1,1,2,0,1,0,1,1,4,0,0,0,3,2,0,1,3,1,1,1,1,0,1,2,0,0,0,1,0,1,1,0,0,0,1,0,1,2,2,2,1,0,1,0,1,1,1,0,0,1,1,0,0,0,1,2,2,0,0,0,2,0,2,0,0,1,3,1,0,0,0,1,1,2,1,1,1,1,1,0,0,0,2,0,0,1,2,0,0,2,1,0,0,0,2,1,0,2,1,1,0,1,0,0,1,0,0,0,1,1,0,0,0,1,1,0,0,0,0,2,2,0,0,0,1,1,0,1,1,1,1,0,1,1,2,0,0
Karl Berry,1,1,1,1,0,0,0,0,0,1,0,31,2,0,2,2,2,0,2,1,0,0,0,0,3,2,4,1,1,2,1,0,0,0,0,1,0,0,0,3,0,0,1,1,1,1,0,0,2,3,1,2,0,0,0,3,3,2,0,1,0,1,2,1,0,1,1,1,0,1,0,1,0,0,1,0,1,2,0,0,0,3,2,1,3,1,2,0,0,0,2,1,2,0,2,1,1,2,1,2,2,0,3,0,1,0,1,0,1,1,1,0,3,1,1,0,1,1,0,0,2,0,0,1,0,0,1,0,0,0,4,0,0,1,1,0,2,0,0,3,0,0,2,2,3,4,0,0,1,3,1,0,0,1,1,2,2,3,2,1,1,0,0,0,0,0,3,2,0,1,0,0,0,0,1,0,0,1,0,0,1,0,0,0,2,1,1,1,0,0,2,2,0,0,0,1,1,1,1,1
Uma Wood,1,0,3,2,3,1,0,0,0,2,1,2,35,1,1,2,2,1,2,0,1,1,2,2,0,0,0,2,1,1,0,1,1,0,1,3,2,0,2,0,1,0,1,1,0,2,1,0,1,1,0,2,0,2,0,1,1,1,0,0,1,2,0,3,1,0,1,1,0,0,2,2,2,1,0,0,0,0,0,0,1,1,2,2,2,0,0,1,1,3,2,0,1,1,1,1,1,0,1,2,3,0,1,0,1,1,0,2,1,0,1,1,1,0,2,1,0,1,0,2,2,2,3,0,0,0,0,0,0,1,0,1,2,2,2,0,0,2,0,0,1,0,0,0,1,3,1,1,0,0,1,1,2,1,3,0,0,0,1,1,1,0,3,1,2,0,1,0,3,0,0,2,3,0,3,1,1,0,2,2,4,1,0,3,2,1,3,0,0,1,0,0,0,0,1,3,2,4,0,1
Vivien Bergen,1,0,0,0,0,0,1,1,0,0,0,0,1,30,0,0,2,2,0,0,1,4,3,0,1,3,1,1,0,1,0,0,1,0,1,0,1,1,1,0,0,1,0,0,2,0,0,0,0,1,1,0,0,3,1,1,1,2,2,1,1,1,0,0,1,0,0,1,2,1,0,0,0,2,1,1,1,0,0,2,1,0,1,1,1,1,0,1,1,2,0,0,0,1,1,0,0,1,0,1,2,1,1,0,0,0,1,2,1,0,1,2,1,3,0,0,0,0,0,2,1,3,0,0,0,1,1,1,1,1,1,0,0,0,0,0,0,1,2,1,2,0,1,0,2,0,1,0,0,0,2,1,3,0,2,0,0,1,2,0,0,2,0,1,2,1,1,2,1,2,0,0,2,0,2,1,1,1,1,2,0,0,1,0,1,1,1,0,0,2,0,1,0,2,0,3,3,1,0,1
Cuba Olivier,1,1,0,2,1,0,1,0,0,1,0,2,1,0,28,2,3,1,0,1,0,1,2,0,0,2,1,1,1,0,0,0,0,2,1,0,1,0,0,1,0,2,1,0,1,0,1,0,1,2,0,1,0,0,0,2,1,3,0,2,0,1,0,1,2,2,0,0,1,1,0,0,1,1,2,0,1,1,0,3,1,1,0,1,0,0,0,0,1,1,1,0,1,2,1,0,1,2,1,1,1,1,1,0,0,2,2,1,0,0,0,1,1,0,0,1,0,1,1,0,1,0,1,0,0,2,0,1,2,1,1,0,1,4,0,2,1,1,2,0,0,0,0,1,0,0,0,1,1,0,1,1,1,0,0,0,1,2,1,1,3,2,0,0,0,1,1,2,1,1,1,0,0,0,0,1,0,0,2,0,0,0,1,3,0,0,0,0,0,0,0,1,1,0,0,3,0,6,2,0
Fred Costner,1,0,3,1,1,1,2,0,0,0,1,2,2,0,2,27,1,2,0,2,1,0,0,0,1,2,2,1,0,1,0,0,0,2,0,1,0,1,1,1,1,0,0,0,1,1,0,4,0,1,1,0,0,0,0,1,3,0,1,1,0,1,0,3,0,0,0,0,0,1,0,0,1,1,0,0,0,0,2,1,2,2,1,0,0,0,1,0,2,0,0,0,1,2,1,0,0,1,1,1,2,1,0,2,2,1,1,1,0,1,0,0,0,1,0,0,0,0,0,1,1,0,0,1,0,0,0,0,1,1,1,0,1,1,0,2,1,1,2,1,0,0,0,0,1,2,0,0,0,0,0,0,0,0,0,1,1,3,0,2,1,1,0,0,1,0,1,2,0,2,1,2,1,0,1,1,0,0,0,0,1,0,0,3,0,0,2,0,1,1,0,1,1,0,0,0,2,2,1,2
Helen Voight,0,0,0,0,0,0,4,0,1,1,0,2,2,2,3,1,32,1,0,1,1,0,1,3,1,1,3,1,0,0,1,2,1,3,1,0,2,1,1,1,0,1,0,0,0,1,2,0,1,1,1,2,1,0,1,3,0,3,1,0,0,1,0,3,0,1,0,1,1,0,1,0,0,0,0,1,0,2,1,2,0,0,1,0,2,2,0,2,0,0,1,0,0,4,2,0,1,0,1,0,0,0,3,2,1,2,3,2,1,0,0,1,2,0,0,0,1,0,1,1,0,1,1,0,0,0,3,2,1,0,1,2,0,1,0,0,0,2,0,0,0,0,2,1,2,1,2,0,0,2,1,0,0,0,0,0,2,1,2,2,2,1,0,2,1,0,3,1,0,0,0,1,2,1,0,2,0,0,0,1,1,0,1,2,1,0,1,2,3,4,1,0,1,0,1,1,0,0,0,0
Dan Torn,0,2,0,0,1,0,0,1,0,0,0,0,1,2,1,2,1,22,1,2,1,1,2,0,0,0,2,0,3,1,0,1,0,1,1,1,0,0,0,0,0,0,2,3,1,0,3,0,0,1,0,0,2,2,1,1,2,1,0,0,0,0,1,1,0,0,1,1,1,0,0,1,1,3,0,0,1,0,0,1,1,1,2,1,0,1,1,0,1,0,0,0,0,1,0,0,0,1,0,1,1,0,1,0,0,2,1,1,1,1,0,0,0,1,0,0,0,0,0,1,2,0,0,0,0,0,0,0,2,0,0,0,0,2,1,1,2,2,1,0,0,1,2,0,0,0,0,0,0,1,1,0,1,1,0,1,1,0,1,2,0,2,0,0,0,1,1,0,0,0,0,0,0,0,1,0,0,0,0,2,0,0,0,0,0,0,1,0,0,0,1,0,2,0,1,1,0,1,1,1
Bob Fawcett,0,1,0,1,0,0,1,2,2,0,0,2,2,0,0,0,0,1,25,0,0,0,2,1,1,1,1,0,0,0,0,0,1,1,0,0,1,0,0,0,1,1,0,1,0,0,1,1,0,0,2,0,1,1,0,1,1,0,1,1,1,1,1,1,0,0,1,0,1,0,0,1,0,0,0,0,0,2,3,1,0,2,1,0,2,1,1,0,1,4,3,0,0,2,2,0,0,0,1,1,2,0,0,0,0,1,1,0,2,1,1,0,0,0,0,1,0,1,0,0,3,1,1,2,1,2,0,1,1,0,1,0,1,0,0,0,0,0,0,1,1,2,0,2,0,0,0,0,1,0,2,1,1,1,2,0,1,1,1,1,1,0,1,1,2,0,0,1,1,2,0,1,0,0,0,0,0,0,0,1,1,0,0,0,1,1,0,0,1,0,0,1,0,0,2,1,1,0,1,0
Lucille Tracy,3,0,0,1,2,1,0,0,0,2,1,1,0,0,1,2,1,2,0,30,0,1,0,0,1,0,0,1,0,1,1,0,0,0,1,3,2,1,0,1,1,1,0,1,1,2,0,1,2,3,1,1,2,1,0,1,2,1,1,1,0,3,0,0,1,0,0,0,0,0,0,1,0,1,2,1,1,0,1,0,2,1,2,1,1,0,0,0,1,0,1,0,0,1,0,0,1,2,0,0,1,1,0,1,0,0,0,4,2,2,0,2,1,0,2,2,2,0,1,0,3,0,0,1,0,0,0,1,0,2,1,0,1,1,1,1,1,0,0,0,0,2,1,0,2,0,0,0,1,2,1,0,1,1,1,0,0,0,1,0,2,2,0,0,2,3,2,1,0,0,1,1,1,0,1,0,0,1,0,0,0,1,0,2,0,0,2,2,1,1,0,0,0,1,1,0,3,2,1,2
Kirsten Paltrow,0,1,1,3,0,0,0,2,0,2,2,0,1,1,0,1,1,1,0,0,27,0,2,0,1,0,1,0,0,2,2,0,0,0,0,1,1,0,2,1,1,1,0,1,2,0,1,0,0,0,2,0,0,0,0,2,0,1,2,3,0,2,1,2,1,0,0,1,1,0,0,0,0,2,1,0,0,1,0,1,1,2,2,2,0,2,1,1,1,0,0,0,1,1,0,0,0,0,3,0,0,2,0,0,0,3,0,0,6,2,0,2,1,2,0,2,1,1,0,1,0,0,0,2,0,2,0,0,0,1,2,1,0,0,0,1,1,2,0,0,1,0,0,1,1,2,0,0,1,1,0,1,0,1,0,0,2,0,1,0,2,0,0,0,2,1,1,1,2,0,0,0,0,0,0,0,0,2,1,0,1,0,1,1,1,1,0,0,1,3,0,3,0,1,0,0,1,0,1,0
Elvis Marx,1,2,1,2,2,0,0,0,1,2,0,0,1,4,1,0,0,1,0,1,0,26,2,0,1,2,0,0,0,0,2,0,2,0,0,2,1,1,1,0,1,1,2,0,0,1,0,1,0,1,0,0,1,1,0,0,0,0,1,0,1,1,0,1,1,0,1,1,1,1,0,1,0,0,0,2,0,0,2,1,1,1,1,1,0,0,0,0,0,0,0,0,1,0,1,1,1,0,2,1,0,2,3,1,1,0,0,2,3,0,2,1,0,0,0,0,1,0,0,2,0,0,1,0,2,0,1,0,1,3,1,0,0,0,0,0,1,2,0,0,2,1,0,1,0,1,1,0,1,1,1,1,1,2,1,2,2,1,3,0,1,0,0,1,1,1,2,1,2,0,1,0,2,0,2,2,0,2,1,0,0,0,1,1,0,1,0,2,0,1,1,0,1,1,0,0,2,1,0,1
Sandra Kilmer,0,2,1,1,0,1,3,0,0,1,1,0,2,3,2,0,1,2,2,0,2,2,37,0,1,0,0,0,3,0,0,0,0,2,0,0,2,1,0,0,1,1,3,0,1,3,0,0,0,0,0,0,0,3,0,1,0,4,1,1,3,3,1,0,3,1,2,1,0,2,1,1,0,2,0,1,1,1,2,1,0,0,1,3,0,0,1,0,0,4,2,0,0,1,0,1,0,2,2,2,1,1,0,0,0,3,0,0,2,0,1,2,1,2,1,0,1,1,0,3,2,1,3,1,2,2,2,0,1,2,2,0,0,0,0,0,3,2,1,2,2,2,1,2,0,1,2,1,1,1,2,0,2,1,1,0,0,0,1,1,1,1,1,3,1,0,1,2,3,1,1,2,2,1,1,0,2,0,0,1,1,0,1,0,0,0,1,0,2,1,0,2,0,1,2,1,3,3,0,2
Cameron Streep,2,1,0,2,0,3,1,0,1,0,1,0,2,0,0,0,3,0,1,0,0,0,0,24,0,0,0,0,1,0,2,3,1,0,1,0,1,1,0,1,1,0,0,1,2,2,0,1,0,2,1,1,2,0,1,1,0,2,0,0,2,0,1,3,0,1,2,0,0,0,0,2,1,1,0,1,1,0,1,0,2,1,0,0,1,1,0,1,0,0,0,2,0,0,0,1,1,1,2,0,0,0,1,2,1,0,4,4,1,1,1,2,2,1,1,1,1,1,1,0,0,0,1,2,0,0,3,0,0,0,1,1,0,1,0,0,2,2,0,0,1,1,1,1,0,1,2,0,1,0,1,0,0,0,0,0,0,1,0,1,1,1,0,2,1,0,0,0,0,0,0,1,1,0,1,0,0,2,1,0,1,0,0,1,0,0,0,0,0,0,1,0,1,0,1,1,1,0,0,0
Kevin Bloom,0,1,0,0,1,0,0,1,2,1,0,3,0,1,0,1,1,0,1,1,1,1,1,0,21,3,0,0,2,0,0,1,0,0,1,1,2,1,1,0,1,0,0,1,0,1,0,1,0,1,2,0,1,0,0,1,2,1,0,1,0,1,0,0,0,3,0,1,1,0,0,0,1,0,0,1,3,1,0,1,1,0,0,0,0,1,0,1,0,2,0,0,1,0,1,2,0,1,0,0,1,0,1,0,1,2,1,1,0,0,0,1,1,0,2,1,2,0,1,1,0,0,0,1,0,1,1,1,1,0,0,0,2,0,0,0,1,2,1,0,0,0,1,0,0,1,1,1,1,1,0,1,0,0,2,0,0,0,0,1,0,0,0,0,1,1,0,0,1,0,0,1,2,0,0,0,1,1,0,0,2,0,1,0,1,0,2,2,0,2,2,1,0,1,0,0,0,2,0,1
Rip Crawford,1,0,1,1,3,0,2,0,1,1,0,2,0,3,2,2,1,0,1,0,0,2,0,0,3,33,3,0,0,1,0,1,0,1,2,2,1,1,0,1,1,0,1,0,0,0,0,1,0,3,1,0,1,1,1,1,2,1,2,1,0,1,2,1,0,0,0,1,1,0,0,1,0,0,2,0,1,0,0,1,2,0,3,2,0,2,0,0,0,3,1,0,3,1,0,1,0,0,0,0,0,1,4,0,1,3,2,1,1,2,0,1,1,1,1,0,1,0,0,1,2,2,1,0,0,0,2,0,2,0,2,1,2,2,0,0,0,4,1,2,0,1,2,1,0,0,1,0,0,0,0,1,1,0,2,0,1,1,0,0,3,0,0,0,1,0,0,1,2,2,0,3,3,0,1,1,1,1,1,1,0,0,2,0,0,0,1,1,0,1,1,1,1,1,2,3,2,3,0,1
Julia Mcqueen,0,1,2,1,4,1,2,1,2,1,1,4,0,1,1,2,3,2,1,0,1,0,0,0,0,3,33,1,3,0,2,0,0,1,0,0,2,0,1,1,1,1,3,2,1,3,2,1,0,0,0,0,0,1,0,2,2,1,0,7,0,1,0,0,2,0,1,1,0,0,1,2,0,3,2,0,0,1,0,0,1,1,1,4,1,1,0,2,0,0,3,0,1,0,1,0,0,0,0,2,1,1,2,1,2,0,1,2,0,1,0,2,1,0,0,0,0,1,1,1,2,1,0,2,0,0,3,1,1,1,0,0,3,1,0,0,0,0,1,1,1,0,1,1,0,0,1,0,0,4,1,0,0,0,1,2,2,4,0,0,1,3,1,1,0,0,0,1,1,1,1,1,0,1,0,1,0,2,2,0,0,2,0,2,1,1,0,1,0,3,1,1,1,1,1,0,1,1,0,1
Woody Hoffman,0,0,1,0,0,1,1,2,1,0,2,1,2,1,1,1,1,0,0,1,0,0,0,0,0,0,1,31,0,0,1,0,1,2,0,0,1,3,0,2,0,1,1,1,2,0,3,1,0,0,0,2,3,0,2,0,1,1,0,3,1,0,0,1,0,1,0,0,0,1,2,1,0,1,1,0,0,0,0,1,3,1,2,1,1,0,0,1,1,0,0,0,0,1,1,3,1,1,1,1,0,1,1,0,2,2,0,3,1,0,1,3,0,0,2,1,0,0,0,0,1,0,0,1,1,1,4,1,0,1,2,0,0,1,0,0,0,3,2,2,1,2,1,1,2,0,1,0,0,3,1,0,0,0,0,1,3,2,0,1,2,1,0,1,0,0,1,2,0,2,2,0,1,2,1,1,1,0,0,0,3,1,0,2,1,2,1,1,1,1,2,0,2,0,0,1,0,1,1,1
Alec Wayne,0,2,0,1,1,1,0,0,0,0,1,1,1,0,1,0,0,3,0,0,0,0,3,1,2,0,3,0,29,0,0,1,0,1,1,1,1,2,0,1,0,0,2,2,0,1,3,0,1,0,0,1,0,0,0,3,0,0,1,3,1,0,1,3,0,3,0,2,0,0,0,1,0,0,2,2,0,0,1,2,0,0,2,1,2,1,2,0,0,2,0,1,2,0,0,0,1,2,0,0,1,1,0,0,0,0,0,2,0,0,0,0,0,1,0,0,1,3,1,1,1,1,0,1,1,0,0,1,2,0,0,2,2,3,0,0,0,0,0,2,0,1,1,2,0,1,1,3,0,1,3,0,1,1,1,2,1,1,1,0,0,0,1,0,0,1,0,1,0,0,3,0,1,0,0,0,0,2,1,0,1,1,1,0,0,1,1,2,1,0,1,0,1,0,0,0,0,2,0,1
Sandra Peck,1,2,1,1,2,1,1,1,0,1,0,2,1,1,0,1,0,1,0,1,2,0,0,0,0,1,0,0,0,19,0,0,0,0,1,0,1,0,0,1,1,0,0,0,1,0,1,0,0,1,0,0,1,2,0,1,0,0,0,1,0,0,1,1,0,0,1,1,1,1,0,1,2,1,1,0,0,2,1,3,1,1,0,0,0,0,0,0,1,0,2,0,1,0,0,1,1,0,1,0,0,0,1,1,1,0,0,1,1,2,1,1,1,3,0,0,0,1,0,2,0,0,0,1,2,0,0,1,0,0,0,0,0,1,0,1,1,0,0,1,1,0,0,1,0,1,1,0,1,0,0,1,2,0,0,3,1,1,0,0,0,1,0,0,1,0,0,0,1,0,1,0,0,1,0,0,0,0,1,1,2,1,0,1,1,0,0,1,0,1,0,1,0,0,0,1,0,2,0,1
Sissy Sobieski,0,0,0,0,1,1,1,0,0,0,0,1,0,0,0,0,1,0,0,1,2,2,0,2,0,0,2,1,0,0,18,2,0,0,0,1,1,1,2,1,0,0,0,1,2,0,0,1,0,0,0,0,0,0,0,0,1,0,1,1,1,0,0,1,0,1,0,1,1,0,0,0,0,1,0,0,0,1,1,0,0,3,0,0,0,0,1,0,0,0,1,0,1,0,0,1,0,1,0,1,0,3,2,1,1,0,1,1,0,1,0,0,2,1,1,0,1,1,0,1,0,0,0,0,0,1,0,0,1,1,1,0,1,1,0,1,0,0,0,0,0,2,0,1,0,0,1,1,2,1,1,0,0,2,0,0,2,3,2,1,2,1,0,1,1,1,1,1,0,1,1,1,1,0,1,1,1,2,0,0,0,0,0,1,1,1,0,1,0,1,0,0,1,2,0,0,1,0,0,0
Tim Hackman,1,0,0,0,0,1,0,1,1,1,2,0,1,0,0,0,2,1,0,0,0,0,0,3,1,1,0,0,1,0,2,23,2,0,0,1,0,0,3,0,0,1,0,1,2,2,0,1,1,1,2,0,1,1,2,0,0,1,0,1,1,0,0,2,0,1,0,0,0,0,0,0,1,0,1,1,0,0,0,0,1,0,0,1,0,0,0,3,0,1,1,0,1,1,0,3,0,2,0,1,1,2,3,3,3,1,2,3,2,0,0,1,2,1,0,0,1,1,1,1,0,0,0,0,1,0,1,0,1,2,2,0,0,0,1,1,1,0,0,0,1,0,1,1,0,2,1,0,0,0,0,0,1,0,2,0,1,0,0,0,2,0,0,1,0,0,0,0,1,0,1,2,1,0,0,1,1,1,1,0,0,0,0,0,1,0,0,2,0,1,2,0,1,0,0,1,1,1,1,0
Milla Peck,0,1,1,2,0,1,1,0,0,1,0,0,1,1,0,0,1,0,1,0,0,2,0,1,0,0,0,1,0,0,0,2,24,0,0,0,1,1,0,2,2,0,1,1,0,0,1,0,0,1,3,1,0,2,0,1,1,2,1,1,0,0,0,1,4,0,1,0,1,0,1,0,1,0,1,0,2,0,1,0,0,1,1,1,0,1,1,0,1,2,0,0,2,1,3,0,0,0,0,1,0,0,1,1,0,1,1,2,0,1,0,2,0,0,2,1,0,0,1,0,1,1,1,0,2,1,0,0,1,1,1,1,0,0,0,0,3,2,1,1,2,0,2,2,1,0,1,0,0,1,1,0,0,1,0,2,1,1,0,0,0,1,1,1,2,1,0,2,1,1,0,1,1,1,0,1,0,0,2,0,0,0,0,1,2,0,0,0,0,0,2,2,0,1,0,2,0,0,0,1
Audrey Olivier,1,0,3,0,1,0,1,0,0,1,0,0,0,0,2,2,3,1,1,0,0,0,2,0,0,1,1,2,1,0,0,0,0,25,1,1,2,1,0,0,2,1,0,0,1,1,1,0,0,0,1,0,0,0,0,0,2,1,1,2,0,1,0,0,1,0,1,1,1,0,0,0,1,2,0,0,0,1,2,1,1,0,0,0,0,0,1,0,2,1,0,1,2,0,2,0,2,0,0,0,2,0,0,0,0,0,0,1,0,1,1,0,0,1,1,1,2,0,1,2,0,0,0,1,0,0,2,2,2,0,2,0,0,1,0,0,0,0,1,1,0,1,1,4,0,1,0,0,0,0,0,1,0,0,0,1,0,0,0,3,2,0,0,0,1,1,1,2,0,0,1,1,0,1,0,0,0,0,0,0,1,2,1,1,0,0,1,0,3,0,2,0,1,0,1,0,1,1,0,0
Judy Dean,0,0,0,0,2,1,1,0,0,1,0,0,1,1,1,0,1,1,0,1,0,0,0,1,1,2,0,0,1,1,0,0,0,1,15,0,1,0,0,0,0,1,0,0,0,0,0,0,0,1,0,0,1,0,1,0,1,0,0,0,0,1,0,1,1,0,1,0,2,0,1,0,2,0,0,0,1,0,0,0,1,0,2,1,0,0,0,0,0,0,1,0,0,0,0,3,0,1,1,0,0,0,0,0,0,0,0,0,0,1,0,1,1,3,0,2,0,3,1,1,0,0,0,1,0,0,1,0,0,0,0,0,0,0,0,1,1,0,1,1,0,1,2,0,1,0,0,0,0,0,0,1,2,0,0,0,1,0,0,0,0,1,0,0,0,0,0,0,0,0,0,0,0,0,0,0,1,0,2,1,0,0,2,2,0,0,1,1,1,0,1,0,0,1,1,1,0,1,0,0
Burt Dukakis,1,0,1,1,1,0,0,0,0,1,2,1,3,0,0,1,0,1,0,3,1,2,0,0,1,2,0,0,1,0,1,1,0,1,0,29,0,0,0,1,0,0,1,1,2,1,1,1,1,0,0,2,0,1,0,0,1,1,0,1,0,1,0,1,1,2,2,1,2,2,1,1,1,2,0,0,1,1,0,0,1,1,0,0,1,0,0,0,0,1,0,1,2,2,0,1,1,1,1,2,1,0,1,1,1,3,0,0,0,0,0,1,1,0,0,2,1,1,1,2,3,0,0,1,0,0,0,0,0,0,1,2,2,2,1,1,0,2,1,0,1,1,1,0,0,3,1,0,0,0,0,0,1,0,3,0,0,0,1,1,1,1,1,1,0,2,0,1,0,1,1,1,0,0,0,0,1,0,1,0,2,2,2,0,1,0,1,0,1,1,1,1,0,0,0,1,0,1,0,1
Val Bolger,1,2,1,0,2,0,1,0,2,3,2,0,2,1,1,0,2,0,1,2,1,1,2,1,2,1,2,1,1,1,1,0,1,2,1,0,35,2,0,0,0,0,1,0,4,0,1,0,1,1,0,0,3,0,2,0,2,3,3,1,1,0,0,4,1,2,1,2,1,0,1,0,1,1,2,1,2,2,2,3,2,1,1,3,0,1,0,1,2,2,3,0,2,0,2,0,1,1,0,1,1,2,3,1,1,1,1,2,1,3,0,2,0,0,0,2,0,2,2,1,0,1,0,0,3,1,1,3,2,0,0,0,0,1,1,1,1,0,3,1,0,2,1,2,0,2,1,0,2,2,1,0,0,2,3,1,2,2,0,0,1,0,1,0,3,1,0,0,1,2,1,1,1,1,0,1,1,1,1,2,0,0,0,2,1,1,0,6,1,1,0,1,1,0,0,1,0,3,1,0
Tom Mckellen,0,1,3,0,0,0,1,1,0,0,0,0,0,1,0,1,1,0,0,1,0,1,1,1,1,1,0,3,2,0,1,0,1,1,0,0,2,25,0,1,0,2,1,1,0,1,0,1,0,2,0,0,0,0,1,0,0,0,2,0,0,0,0,2,2,1,1,1,1,0,1,1,0,0,1,1,1,0,1,1,3,1,0,0,0,0,0,0,1,0,0,2,3,0,0,2,0,0,1,1,0,0,0,0,2,0,1,2,0,0,0,0,1,1,2,0,1,0,0,0,0,2,0,1,0,2,0,1,1,1,0,1,0,1,0,2,0,1,1,0,0,1,1,0,0,0,0,0,1,0,1,0,0,2,0,2,2,1,2,0,1,1,0,1,0,0,0,2,0,1,1,0,0,4,0,3,2,1,2,0,0,1,0,0,1,0,0,3,1,1,1,1,0,0,0,0,0,1,0,0
Goldie Brody,0,0,0,0,1,0,0,0,1,2,1,0,2,1,0,1,1,0,0,0,2,1,0,0,1,0,1,0,0,0,2,3,0,0,0,0,0,0,28,0,1,2,1,1,1,1,0,1,0,1,0,2,0,0,2,0,0,0,2,1,3,0,1,0,2,0,0,0,0,1,0,0,1,2,2,2,1,1,0,0,0,1,0,2,1,0,0,1,0,0,0,0,0,1,1,1,1,0,0,0,1,1,2,0,0,2,1,2,3,1,0,0,3,1,1,1,1,1,0,0,0,1,0,0,0,1,0,0,2,2,1,1,0,0,1,1,0,1,0,0,2,1,0,1,1,1,1,1,0,1,1,1,2,0,0,0,2,1,0,0,2,1,0,1,0,0,0,0,1,0,0,0,0,1,1,2,1,1,1,0,1,0,1,1,1,1,3,2,0,1,1,0,1,1,0,2,2,0,1,0
Johnny Cage,1,1,0,1,0,0,1,1,0,1,1,3,0,0,1,1,1,0,0,1,1,0,0,1,0,1,1,2,1,1,1,0,2,0,0,1,0,1,0,29,1,0,0,0,1,1,2,0,0,0,1,0,1,1,0,2,2,1,0,3,1,0,0,0,1,0,0,2,3,2,1,2,1,1,2,1,1,0,0,0,1,0,0,1,1,0,1,0,1,0,3,0,0,2,1,0,0,3,1,1,0,1,4,0,3,1,0,0,3,1,0,2,2,1,0,2,1,1,1,3,0,0,0,2,0,0,1,0,1,1,3,1,0,3,0,0,1,0,1,3,1,1,2,1,1,1,1,0,0,2,1,0,1,1,1,1,3,3,1,0,0,1,1,0,1,1,1,0,1,1,1,1,1,1,0,1,0,2,2,1,3,0,0,0,1,0,0,3,0,1,0,1,0,2,2,0,0,1,0,0
Jodie Degeneres,0,1,1,1,2,1,0,0,0,0,0,0,1,0,0,1,0,0,1,1,1,1,1,1,1,1,1,0,0,1,0,0,2,2,0,0,0,0,1,1,29,0,0,1,0,0,0,1,0,0,1,3,0,1,0,1,0,0,0,1,0,1,1,0,1,1,0,0,0,1,0,1,0,1,0,2,0,2,1,2,2,0,2,0,2,0,1,1,1,1,2,0,0,1,2,0,0,0,4,0,1,1,2,2,1,0,2,0,2,1,1,2,0,2,2,1,2,0,0,0,1,0,0,0,0,1,1,0,3,2,0,1,0,1,0,0,0,1,0,0,0,0,0,1,0,0,2,0,1,0,0,1,1,0,2,0,1,2,2,0,0,1,0,1,1,2,0,3,1,1,1,1,0,0,1,2,1,1,1,2,1,0,0,1,0,0,1,0,0,0,2,2,0,1,0,0,2,0,2,2
Tom Miranda,0,0,0,1,4,0,0,0,1,0,0,0,0,1,2,0,1,0,1,1,1,1,1,0,0,0,1,1,0,0,0,1,0,1,1,0,0,2,2,0,0,27,0,0,1,0,0,1,0,0,0,0,0,2,1,0,1,0,1,1,2,0,1,0,0,0,2,1,0,0,0,2,0,0,0,2,0,1,0,1,2,1,1,0,0,1,0,0,0,0,0,0,2,0,2,1,1,0,1,0,0,2,0,1,1,1,3,0,2,0,0,0,1,1,1,0,0,1,0,1,0,0,1,0,0,1,0,1,1,0,0,3,0,0,1,1,0,0,0,0,1,1,1,0,2,2,2,0,1,0,2,0,0,0,1,0,3,0,2,0,0,1,0,1,1,1,0,0,2,1,0,0,0,0,1,1,0,0,1,0,2,0,0,2,1,1,0,0,0,0,0,0,0,1,2,0,0,2,0,0
Kirk Jovovich,1,2,2,1,1,1,0,0,1,0,0,1,1,0,1,0,0,2,0,0,0,2,3,0,0,1,3,1,2,0,0,0,1,0,0,1,1,1,1,0,0,0,26,1,1,0,0,0,0,1,0,0,0,0,1,1,1,0,0,1,0,1,0,0,1,1,0,1,0,0,2,0,0,0,0,1,0,1,1,0,2,1,1,1,0,2,0,1,0,2,1,1,0,1,1,0,0,0,0,0,0,1,2,0,1,3,0,1,1,1,0,2,0,0,1,0,1,1,0,0,0,1,0,1,0,0,0,0,1,2,0,1,2,1,1,0,1,3,0,1,1,0,1,2,0,1,1,0,0,1,0,0,1,1,1,1,0,0,1,0,1,1,3,0,1,0,0,1,0,1,1,1,1,1,0,2,1,0,0,0,0,0,0,0,0,0,0,0,1,0,3,0,1,2,1,2,2,0,0,2
Nick Stallone,0,0,0,1,0,1,0,0,1,0,2,1,1,0,0,0,0,3,1,1,1,0,0,1,1,0,2,1,2,0,1,1,1,0,0,1,0,1,1,0,1,0,1,30,0,0,2,0,0,2,2,1,4,1,0,0,0,1,1,2,0,0,1,1,0,1,1,0,1,0,0,1,2,1,0,1,0,0,1,0,0,1,2,0,2,1,1,1,0,0,0,2,3,2,1,1,1,0,0,4,1,0,0,0,0,0,0,0,1,0,0,1,1,2,1,1,3,1,0,1,0,0,1,0,1,0,1,0,1,0,0,2,0,1,1,1,1,0,0,0,0,0,1,0,1,1,0,0,0,2,0,0,0,0,0,0,1,1,1,2,2,0,1,0,0,1,0,0,2,1,1,0,0,1,2,1,1,2,1,0,2,0,0,0,0,0,0,1,1,0,2,0,2,1,0,0,1,2,3,0
Reese Kilmer,0,0,0,2,1,2,3,2,0,0,0,1,0,2,1,1,0,1,0,1,2,0,1,2,0,0,1,2,0,1,2,2,0,1,0,2,4,0,1,1,0,1,1,0,32,2,2,1,1,0,1,2,1,0,0,0,3,0,0,0,3,1,0,1,2,0,0,0,0,0,0,0,1,4,2,2,0,1,0,1,2,2,0,1,1,1,0,0,0,2,3,1,0,1,0,1,2,0,1,1,1,2,2,1,2,0,0,1,2,1,0,3,0,1,0,1,0,2,0,1,0,1,0,1,0,0,0,0,1,1,1,1,0,1,1,2,0,0,1,0,1,1,1,2,0,1,1,0,1,1,2,1,0,2,1,2,0,1,3,2,2,2,0,0,0,1,0,1,1,4,1,0,0,1,2,0,0,2,2,0,0,1,0,0,1,2,0,1,0,0,1,2,1,0,0,1,1,0,0,2
Parker Goldberg,1,1,0,1,0,0,2,0,1,1,1,1,2,0,0,1,1,0,0,2,0,1,3,2,1,0,3,0,1,0,0,2,0,1,0,1,0,1,1,1,0,0,0,0,2,24,0,0,2,1,0,1,2,0,0,0,0,1,0,1,1,0,0,2,0,1,2,1,0,0,0,1,1,1,0,0,1,0,0,0,0,0,0,2,2,1,0,1,0,1,0,1,2,1,1,0,0,0,1,1,1,1,1,0,1,0,0,0,1,2,0,2,1,0,2,0,0,0,0,1,1,0,0,0,0,0,1,0,1,0,1,0,1,2,0,0,0,1,0,1,3,2,1,1,0,2,1,1,0,1,1,1,1,0,2,1,0,1,0,0,0,0,0,2,0,1,1,1,0,0,1,2,0,1,0,0,0,0,1,1,3,0,0,0,1,0,3,1,1,1,2,0,0,0,0,0,0,0,0,1
Julia Barrymore,1,0,0,2,1,1,4,0,0,0,0,0,1,0,1,0,2,3,1,0,1,0,0,0,0,0,2,3,3,1,0,0,1,1,0,1,1,0,0,2,0,0,0,2,2,0,24,0,0,1,2,0,2,1,1,0,1,0,0,0,1,1,1,0,0,0,2,0,0,1,2,0,1,1,1,0,0,1,0,0,1,1,1,0,0,1,1,0,0,0,1,1,0,1,0,1,1,0,1,0,1,1,3,0,1,0,0,2,0,0,0,4,0,0,1,0,1,1,0,1,0,0,0,2,0,0,0,1,1,0,0,1,0,3,0,1,1,0,2,1,3,2,0,1,1,1,2,0,3,3,0,0,0,0,1,1,2,0,0,1,1,0,0,0,1,2,3,0,0,1,1,1,0,0,1,0,0,1,2,1,1,0,1,1,1,1,2,1,1,0,0,0,0,1,0,2,0,1,1,0
Frances Day-Lewis,1,0,0,0,0,1,0,0,1,0,0,0,0,0,0,4,0,0,1,1,0,1,0,1,1,1,1,1,0,0,1,1,0,0,0,1,0,1,1,0,1,1,0,0,1,0,0,26,1,1,0,0,0,1,0,0,3,0,1,0,0,4,1,2,0,0,0,1,0,0,0,1,1,0,1,0,1,2,2,0,2,0,0,1,0,1,0,3,0,0,0,0,1,0,1,2,1,2,1,0,0,0,0,1,3,1,2,0,0,0,1,0,1,0,1,3,0,1,0,1,0,0,0,2,1,1,1,0,2,2,0,0,1,0,0,0,0,0,0,1,1,0,0,4,0,1,1,1,0,0,1,0,0,0,2,2,0,0,0,1,0,1,0,1,0,0,0,0,1,1,1,1,1,1,0,1,0,1,0,1,0,0,0,0,0,0,0,1,1,1,0,0,1,0,0,0,1,2,0,0
Anne Cronyn,2,2,0,0,1,0,0,1,1,2,3,2,1,0,1,0,1,0,0,2,0,0,0,0,0,0,0,0,1,0,0,1,0,0,0,1,1,0,0,0,0,0,0,0,1,2,0,1,27,0,0,1,2,1,1,0,0,0,0,2,2,0,0,3,0,2,1,0,0,1,0,0,0,0,1,2,0,1,0,2,2,0,0,1,1,0,1,2,0,1,3,0,2,0,0,1,0,1,1,1,1,3,1,0,1,1,1,2,0,0,0,1,1,0,0,2,0,1,2,0,0,0,1,2,0,1,1,0,1,2,1,0,0,0,3,0,1,1,0,1,1,1,0,0,0,1,0,0,1,2,0,2,0,1,1,0,1,0,0,2,2,0,0,1,0,0,0,2,0,0,0,1,0,0,2,0,1,0,2,4,3,1,0,0,0,2,0,2,0,0,0,0,1,0,0,1,0,0,0,0
Natalie Hopkins,0,0,1,1,2,0,1,0,1,0,0,3,1,1,2,1,1,1,0,3,0,1,0,2,1,3,0,0,0,1,0,1,1,0,1,0,1,2,1,0,0,0,1,2,0,1,1,1,0,32,1,0,0,0,0,2,3,4,0,0,1,0,1,0,1,2,0,1,2,1,1,0,0,0,2,0,0,2,1,0,1,1,1,0,2,0,2,0,1,1,2,1,0,1,0,1,0,1,1,1,0,0,0,1,1,2,0,1,0,2,0,1,1,1,1,0,1,1,1,0,1,0,2,0,1,0,1,0,0,1,0,0,1,0,2,0,5,0,0,0,0,2,2,1,1,2,2,0,1,2,0,2,2,2,1,1,1,3,1,0,2,1,1,1,1,1,2,0,3,0,1,0,0,0,1,3,1,0,2,1,2,1,1,0,1,1,1,1,0,0,1,0,0,0,1,2,1,2,0,0
Gary Phoenix,0,0,0,1,0,1,0,1,1,0,1,1,0,1,0,1,1,0,2,1,2,0,0,1,2,1,0,0,0,0,0,2,3,1,0,0,0,0,0,1,1,0,0,2,1,0,2,0,0,1,25,0,1,1,0,2,3,0,2,0,1,1,0,0,0,0,1,0,0,0,0,0,1,0,0,0,2,0,1,0,0,1,1,0,3,0,0,0,1,1,0,0,1,1,1,2,0,0,2,1,0,0,0,2,0,3,0,1,1,0,1,2,0,1,2,0,1,1,0,0,1,1,0,0,0,1,0,0,0,0,2,0,0,0,0,0,2,0,1,0,1,1,0,0,0,1,0,0,1,1,1,2,2,0,1,0,0,2,0,0,0,1,1,0,2,0,2,1,1,1,0,0,0,0,0,1,0,2,1,1,2,2,0,0,0,0,0,0,2,0,3,0,1,1,0,0,2,1,0,3
Carmen Hunt,0,1,1,1,1,1,1,0,0,0,0,2,2,0,1,0,2,0,0,1,0,0,0,1,0,0,0,2,1,0,0,0,1,0,0,2,0,0,2,0,3,0,0,1,2,1,0,0,1,0,0,26,0,0,0,1,1,0,1,1,0,1,2,0,3,5,1,0,0,3,0,1,0,1,0,1,0,1,0,1,0,0,1,0,2,1,2,0,0,0,0,0,0,0,1,1,0,1,0,0,1,0,2,0,1,1,2,2,1,0,0,2,0,1,0,1,1,1,1,0,1,1,0,0,0,2,1,1,1,1,0,1,0,0,2,0,2,2,2,1,1,1,1,0,1,0,1,0,0,0,0,0,1,1,4,0,0,2,1,0,1,0,0,0,0,1,1,1,0,0,0,0,0,1,2,1,0,1,0,0,1,1,1,0,1,0,2,1,0,0,1,0,2,0,0,1,1,0,1,3
Mena Temple,2,1,0,1,0,1,0,0,1,3,0,0,0,0,0,0,1,2,1,2,0,1,0,2,1,1,0,3,0,1,0,1,0,0,1,0,3,0,0,1,0,0,0,4,1,2,2,0,2,0,1,0,30,1,1,1,2,0,0,0,3,1,0,2,1,2,3,2,0,1,0,0,1,0,2,1,0,0,1,0,3,0,2,0,0,2,0,1,0,1,0,2,0,1,1,1,1,4,1,1,0,1,3,1,0,0,1,0,2,0,2,1,0,1,1,0,1,0,0,0,0,0,2,3,0,0,2,2,0,0,2,0,0,2,1,0,1,1,1,2,1,1,0,0,1,0,1,0,1,5,0,0,0,0,0,2,2,0,0,0,1,1,2,0,1,0,0,0,1,2,2,0,0,0,1,1,0,1,1,0,0,0,1,1,1,1,1,2,1,0,0,1,3,1,0,2,0,2,0,1
Penelope Pinkett,1,1,0,1,0,0,1,0,1,0,3,0,2,3,0,0,0,2,1,1,0,1,3,0,0,1,1,0,0,2,0,1,2,0,0,1,0,0,0,1,1,2,0,1,0,0,1,1,1,0,1,0,1,25,0,0,0,1,1,2,2,3,0,0,1,0,1,0,1,0,0,1,0,0,2,1,0,1,0,1,0,0,1,1,0,0,1,0,0,1,1,0,0,0,0,2,0,1,1,3,0,1,1,1,2,3,1,2,0,0,1,1,1,2,2,1,0,0,0,3,1,1,2,1,1,0,0,1,0,1,1,0,0,0,1,0,2,1,1,2,0,0,1,1,0,0,1,0,1,1,1,0,1,3,0,3,1,1,1,0,0,1,0,0,0,0,0,0,1,2,0,1,0,0,2,1,2,0,1,0,2,2,1,0,1,0,0,1,0,0,2,0,0,0,3,1,1,1,1,0
Fay Kilmer,0,1,1,0,1,0,1,0,1,1,2,0,0,1,0,0,1,1,0,0,0,0,0,1,0,1,0,2,0,0,0,2,0,0,1,0,2,1,2,0,0,1,1,0,0,0,1,0,1,0,0,0,1,0,20,1,1,0,0,0,1,0,0,2,0,0,0,0,1,0,0,0,0,0,0,1,2,1,1,1,1,0,1,0,0,2,1,0,1,0,1,0,0,0,1,0,3,2,0,2,1,0,1,1,0,0,0,1,0,0,2,2,1,1,1,0,0,1,0,0,0,0,2,0,0,0,0,0,1,0,1,1,1,0,0,1,2,1,2,0,1,0,0,1,0,2,0,1,0,1,0,0,1,1,0,0,0,0,0,0,1,1,1,0,0,0,0,0,1,1,0,0,0,1,0,2,1,2,1,1,1,0,0,1,0,0,0,1,0,0,1,1,1,1,1,1,1,0,0,0
Dan Harris,0,1,1,1,1,1,0,2,0,1,0,3,1,1,2,1,3,1,1,1,2,0,1,1,1,1,2,0,3,1,0,0,1,0,0,0,0,0,0,2,1,0,1,0,0,0,0,0,0,2,2,1,1,0,1,28,0,1,1,0,1,1,2,2,1,2,0,0,1,0,0,0,1,0,0,3,0,1,2,0,0,2,0,0,2,1,1,1,1,0,1,0,1,0,3,0,0,2,1,0,0,1,2,0,1,3,1,1,1,0,0,1,1,0,0,1,1,1,0,3,1,0,2,2,0,1,0,1,2,0,0,1,0,1,1,0,2,0,0,2,0,1,0,0,2,0,1,1,1,3,1,0,0,2,1,3,0,0,0,1,0,1,1,1,1,0,1,1,0,1,1,0,0,1,0,2,0,0,1,0,2,1,1,1,1,0,3,1,0,1,0,0,2,0,3,1,2,1,0,2
Jude Cruise,1,0,2,1,1,1,1,0,0,0,0,3,1,1,1,3,0,2,1,2,0,0,0,0,2,2,2,1,0,0,1,0,1,2,1,1,2,0,0,2,0,1,1,0,3,0,1,3,0,3,3,1,2,0,1,0,30,0,0,0,1,3,1,1,2,0,1,1,0,0,2,2,1,2,1,1,1,3,1,0,1,0,1,1,0,0,0,0,1,0,0,1,0,0,2,0,1,1,0,0,1,0,3,1,0,0,0,1,0,1,0,1,1,1,0,1,0,1,1,1,2,0,0,0,0,1,3,0,0,1,1,0,1,0,0,0,0,0,1,2,1,0,0,1,1,1,0,0,2,1,1,2,0,0,1,0,2,2,0,2,2,0,1,0,2,1,1,1,0,0,1,0,2,1,0,0,0,1,2,2,1,2,0,0,1,1,0,0,0,0,1,2,0,0,2,1,1,0,0,1
Christian Akroyd,1,0,0,2,1,0,0,0,0,1,0,2,1,2,3,0,3,1,0,1,1,0,4,2,1,1,1,1,0,0,0,1,2,1,0,1,3,0,0,1,0,0,0,1,0,1,0,0,0,4,0,0,0,1,0,1,0,32,0,2,1,0,0,0,1,1,3,0,1,1,1,0,0,0,1,1,1,1,1,3,1,4,1,2,0,2,0,2,2,2,1,1,1,1,1,1,0,2,0,1,0,0,0,1,0,1,1,0,1,2,0,0,1,1,2,0,2,2,1,1,0,0,0,0,3,2,1,3,1,1,1,1,1,1,1,2,1,1,1,1,1,0,1,1,2,0,1,0,0,2,0,1,0,2,1,0,0,0,2,2,0,0,0,1,0,3,2,1,0,0,1,0,1,0,0,2,3,0,1,0,0,0,0,0,0,0,1,0,0,2,3,3,1,1,0,2,1,2,1,0
Dustin Tautou,1,0,0,0,2,0,0,0,1,1,0,0,0,2,0,1,1,0,1,1,2,1,1,0,0,2,0,0,1,0,1,0,1,1,0,0,3,2,2,0,0,1,0,1,0,0,0,1,0,0,2,1,0,1,0,1,0,0,27,0,0,3,0,3,2,0,0,0,1,0,0,0,2,0,0,2,3,1,1,0,0,0,1,1,1,0,0,0,0,0,0,0,0,1,1,0,2,1,2,1,0,2,1,2,1,0,1,0,1,1,1,0,1,0,1,0,1,0,1,1,0,0,0,0,0,0,0,1,1,1,1,1,0,1,0,1,0,0,0,1,1,2,0,2,1,0,1,1,1,0,0,0,0,0,0,0,3,2,1,0,2,1,0,1,2,0,1,1,1,0,0,0,0,1,2,1,0,0,1,0,1,0,1,2,1,0,0,0,1,1,0,0,1,1,2,0,2,0,1,2
Henry Berry,0,2,1,0,2,0,1,2,0,0,1,1,0,1,2,1,0,0,1,1,3,0,1,0,1,1,7,3,3,1,1,1,1,2,0,1,1,0,1,3,1,1,1,2,0,1,0,0,2,0,0,1,0,2,0,0,0,2,0,35,2,0,0,0,1,2,0,3,0,0,0,1,0,0,2,0,0,1,2,2,1,1,1,1,2,2,0,4,0,0,2,1,1,1,1,1,0,1,1,1,0,2,1,0,0,2,0,3,0,0,0,2,0,0,0,2,1,2,0,0,1,5,0,0,0,0,1,1,2,1,0,1,1,2,0,0,1,0,1,1,3,0,1,0,0,1,1,1,0,1,2,0,0,1,0,3,1,2,1,0,0,1,1,0,1,1,0,0,0,1,0,3,2,1,0,0,1,0,1,0,0,1,0,0,1,0,2,0,0,2,3,1,1,0,2,1,0,3,1,0
Christian Neeson,1,1,0,1,1,1,1,1,1,1,1,0,1,1,0,0,0,0,1,0,0,1,3,2,0,0,0,1,1,0,1,1,0,0,0,0,1,0,3,1,0,2,0,0,3,1,1,0,2,1,1,0,3,2,1,1,1,1,0,2,25,1,0,2,0,0,1,0,1,0,1,1,1,2,3,1,0,1,0,1,1,0,1,1,0,0,2,0,0,0,2,0,0,0,0,0,1,1,1,0,0,0,1,2,0,4,4,1,1,0,0,1,0,0,1,1,0,2,0,1,0,1,2,0,0,0,0,0,0,0,0,0,0,0,0,0,1,3,2,0,0,1,0,0,0,1,2,0,1,2,1,0,1,0,0,1,1,1,0,1,0,0,1,1,1,0,0,3,1,2,0,3,1,1,1,0,4,1,0,0,0,3,0,0,1,3,0,0,1,1,0,0,0,0,1,1,1,0,0,1
Jayne Neeson,0,0,2,1,2,0,0,0,0,0,1,1,2,1,1,1,1,0,1,3,2,1,3,0,1,1,1,0,0,0,0,0,0,1,1,1,0,0,0,0,1,0,1,0,1,0,1,4,0,0,1,1,1,3,0,1,3,0,3,0,1,29,1,0,2,1,1,0,0,0,1,0,1,0,1,0,0,3,1,1,2,0,1,1,1,1,0,0,0,1,3,0,0,1,3,1,1,1,1,0,0,1,0,0,1,2,1,1,1,1,0,0,2,2,0,1,0,3,0,0,1,1,0,1,0,2,0,0,0,1,2,0,0,1,1,1,0,2,0,1,0,0,0,2,1,0,2,0,0,0,0,0,2,1,1,1,1,1,0,0,0,0,1,0,1,0,0,0,2,0,0,2,1,0,2,0,0,0,0,0,0,2,0,0,0,0,0,1,1,1,0,1,0,2,1,0,2,1,0,1
Cameron Wray,0,1,0,0,1,1,2,0,0,0,0,2,0,0,0,0,0,1,1,0,1,0,1,1,0,2,0,0,1,1,0,0,0,0,0,0,0,0,1,0,1,1,0,1,0,0,1,1,0,1,0,2,0,0,0,2,1,0,0,0,0,1,19,0,1,0,2,0,0,1,0,1,0,0,0,1,1,0,0,0,0,1,2,1,0,0,2,0,0,0,1,0,0,0,1,0,2,0,0,0,1,1,1,0,1,1,1,2,3,0,0,0,0,2,0,0,0,1,1,0,1,2,0,0,0,0,0,1,1,1,3,1,0,0,1,0,1,1,0,0,0,0,1,0,1,2,0,1,0,0,1,1,0,1,1,0,0,0,2,0,0,0,0,0,1,1,0,1,1,0,0,0,0,1,0,2,1,1,0,1,0,0,0,0,0,1,1,1,0,1,0,1,0,0,2,0,1,0,0,1
Ray Johansson,3,1,1,3,0,0,0,0,0,2,1,1,3,0,1,3,3,1,1,0,2,1,0,3,0,1,0,1,3,1,1,2,1,0,1,1,4,2,0,0,0,0,0,1,1,2,0,2,3,0,0,0,2,0,2,2,1,0,3,0,2,0,0,30,3,0,0,0,1,0,0,0,0,1,0,0,1,1,1,2,0,0,0,2,1,0,0,0,1,0,2,1,1,2,0,0,2,1,1,1,0,1,3,1,1,1,2,0,0,1,0,0,1,1,0,1,1,2,2,1,0,0,1,2,0,1,2,0,1,2,1,1,1,1,0,2,0,1,0,0,0,0,1,1,0,1,0,0,1,0,0,0,0,0,0,2,3,1,0,1,2,0,1,3,1,0,0,0,1,1,0,1,2,1,1,1,1,1,2,1,1,0,0,2,2,0,0,3,0,1,0,0,1,1,0,0,0,1,0,0
Angela Hudson,1,0,0,2,1,1,0,1,0,1,1,0,1,1,2,0,0,0,0,1,1,1,3,0,0,0,2,0,0,0,0,0,4,1,1,1,1,2,2,1,1,0,1,0,2,0,0,0,0,1,0,3,1,1,0,1,2,1,2,1,0,2,1,3,34,1,1,1,0,0,0,1,0,1,2,0,2,1,0,1,1,0,1,3,1,0,0,0,0,1,0,0,1,0,2,0,0,1,0,1,1,1,2,2,2,1,0,2,1,1,0,0,0,0,1,2,1,0,5,0,0,3,2,1,1,3,1,0,2,2,0,0,0,1,1,1,0,0,1,0,0,1,2,1,2,2,1,0,0,0,1,3,2,2,0,0,1,0,0,0,1,0,0,1,0,1,1,1,3,0,0,0,5,2,0,1,2,1,1,0,0,1,0,2,3,0,0,2,0,0,1,3,0,1,1,3,0,3,1,1
Mary Tandy,1,1,0,1,0,0,1,1,2,0,2,1,0,0,2,0,1,0,0,0,0,0,1,1,3,0,0,1,3,0,1,1,0,0,0,2,2,1,0,0,1,0,1,1,0,1,0,0,2,2,0,5,2,0,0,2,0,1,0,2,0,1,0,0,1,31,2,1,1,1,0,0,0,0,1,0,0,0,2,3,0,1,0,0,2,2,0,2,0,2,1,2,3,1,0,2,0,4,2,0,1,2,0,0,1,2,1,0,1,0,0,1,1,0,0,0,0,0,3,1,1,0,2,1,0,1,0,1,0,1,1,0,0,1,1,1,2,0,2,2,2,3,3,0,0,3,1,2,0,1,1,0,0,0,1,0,0,0,1,1,0,1,2,1,0,2,0,0,1,0,2,0,2,0,1,0,1,0,2,0,0,0,0,0,0,0,0,0,0,0,0,1,2,0,3,0,1,1,0,0
Jessica Bailey,0,0,0,0,0,1,2,0,0,1,0,1,1,0,0,0,0,1,1,0,0,1,2,2,0,0,1,0,0,1,0,0,1,1,1,2,1,1,0,0,0,2,0,1,0,2,2,0,1,0,1,1,3,1,0,0,1,3,0,0,1,1,2,0,1,2,23,0,0,1,0,1,0,0,1,1,0,0,1,0,0,2,0,0,0,1,0,1,0,0,0,0,1,0,1,0,2,1,1,2,0,0,0,0,1,1,0,0,1,0,0,1,0,2,1,0,0,0,0,0,2,0,0,3,2,0,1,0,0,0,3,0,0,0,2,0,1,0,0,1,2,1,0,1,1,3,0,1,0,0,1,0,1,0,1,1,2,1,0,1,0,0,0,0,0,0,1,0,0,0,0,1,1,1,1,1,1,0,1,1,1,0,1,0,0,0,0,0,1,0,0,0,0,1,1,2,0,0,1,1
Rip Winslet,0,1,1,0,1,0,0,3,1,1,1,1,1,1,0,0,1,1,0,0,1,1,1,0,1,1,1,0,2,1,1,0,0,1,0,1,2,1,0,2,0,1,1,0,0,1,0,1,0,1,0,0,2,0,0,0,1,0,0,3,0,0,0,0,1,1,0,30,1,2,0,4,1,2,1,0,0,0,3,0,1,2,0,0,1,3,1,3,1,0,0,0,0,1,0,0,0,0,1,1,0,1,1,4,1,1,1,1,2,0,1,1,1,0,0,2,0,0,0,0,1,2,1,0,0,1,1,1,2,1,1,0,1,1,2,1,0,0,1,1,1,3,0,1,0,1,0,1,0,1,1,1,0,1,0,0,0,2,0,0,0,0,1,2,1,1,0,1,0,0,1,1,0,0,1,1,0,0,0,0,0,0,0,0,1,1,2,1,2,0,4,1,1,3,1,0,0,1,0,0
Kenneth Paltrow,0,0,1,0,1,0,1,1,1,2,0,0,0,2,1,0,1,1,1,0,1,1,0,0,1,1,0,0,0,1,1,0,1,1,2,2,1,1,0,3,0,0,0,1,0,0,0,0,0,2,0,0,0,1,1,1,0,1,1,0,1,0,0,1,0,1,0,1,21,2,0,0,1,1,0,0,1,0,0,0,1,2,1,1,1,0,0,0,0,3,2,0,0,0,0,0,1,1,0,0,1,0,1,0,0,2,0,1,0,0,1,0,0,1,1,0,1,2,0,0,1,0,1,0,1,1,0,2,0,2,1,0,0,1,0,1,1,0,0,1,0,0,1,1,0,1,1,0,1,1,0,0,0,2,0,0,0,0,0,0,0,1,0,1,0,1,1,0,0,2,2,1,1,1,0,0,0,0,0,0,0,2,1,1,1,0,1,3,0,1,1,0,0,1,0,0,0,0,0,0
Michelle Mcconaughey,0,1,1,0,1,1,1,0,1,1,1,1,0,1,1,1,0,0,0,0,0,1,2,0,0,0,0,1,0,1,0,0,0,0,0,2,0,0,1,2,1,0,0,0,0,0,1,0,1,1,0,3,1,0,0,0,0,1,0,0,0,0,1,0,0,1,1,2,2,23,0,2,1,1,0,0,1,0,1,1,2,2,1,2,3,0,1,1,1,0,0,0,1,2,0,0,0,1,1,1,1,0,1,0,0,0,1,0,0,0,1,1,3,1,0,0,1,0,0,0,1,1,2,1,1,2,0,2,0,3,3,0,0,0,0,1,1,2,1,0,0,0,1,2,1,0,0,0,1,1,0,1,0,0,2,2,0,1,1,0,1,0,1,1,0,0,2,1,0,0,2,0,0,0,0,0,0,0,0,2,0,0,0,0,1,1,0,0,1,0,1,0,2,0,1,0,2,1,1,0
Adam Grant,0,1,0,0,0,0,0,1,0,0,1,0,2,0,0,0,1,0,0,0,0,0,1,0,0,0,1,2,0,0,0,0,1,0,1,1,1,1,0,1,0,0,2,0,0,0,2,0,0,1,0,0,0,0,0,0,2,1,0,0,1,1,0,0,0,0,0,0,0,0,18,3,0,1,0,0,0,0,0,1,0,0,2,2,0,1,0,0,0,1,1,0,0,1,0,1,1,0,0,0,0,0,0,1,1,0,1,1,0,0,0,1,1,0,0,1,1,0,1,0,0,0,0,0,0,1,1,0,1,0,1,1,0,1,0,0,0,0,1,1,0,0,0,0,0,0,0,0,1,1,1,0,0,1,1,0,2,1,0,0,0,1,1,0,1,0,0,0,0,0,2,2,0,0,1,0,2,0,0,1,2,1,0,1,1,0,0,1,1,1,1,0,0,0,2,2,0,1,0,0
Sean Williams,0,2,0,0,3,0,0,0,2,1,4,1,2,0,0,0,0,1,1,1,0,1,1,2,0,1,2,1,1,1,0,0,0,0,0,1,0,1,0,2,1,2,0,1,0,1,0,1,0,0,0,1,0,1,0,0,2,0,0,1,1,0,1,0,1,0,1,4,0,2,3,26,0,1,1,0,2,0,0,0,0,0,1,0,1,0,4,1,0,0,0,0,0,1,0,0,0,1,0,2,1,0,1,2,0,0,0,0,0,0,0,1,3,2,2,0,1,1,2,1,1,0,1,1,0,2,1,1,1,3,0,1,0,1,0,0,0,1,0,1,1,0,0,0,0,2,1,1,0,1,2,1,1,0,2,0,1,0,0,0,0,1,0,0,1,0,0,1,0,0,2,1,3,0,1,0,2,1,0,2,2,0,1,2,2,1,0,1,0,1,2,0,0,1,1,0,1,1,1,0
Gary Penn,0,1,0,1,0,0,0,1,1,0,0,0,2,0,1,1,0,1,0,0,0,0,0,1,1,0,0,0,0,2,0,1,1,1,2,1,1,0,1,1,0,0,0,2,1,1,1,1,0,0,1,0,1,0,0,1,1,0,2,0,1,1,0,0,0,0,0,1,1,1,0,0,26,0,1,0,1,0,0,0,0,1,0,0,1,0,1,0,0,0,1,0,0,0,4,3,1,1,0,1,0,2,0,0,0,1,0,2,2,1,0,0,4,2,0,2,1,1,0,0,0,1,1,2,1,0,0,1,0,0,0,0,1,1,1,0,0,0,2,0,1,2,0,0,1,0,0,1,0,0,0,0,1,1,0,2,0,0,1,2,0,0,1,1,0,0,0,0,1,1,0,2,1,0,2,1,0,0,0,1,0,0,0,1,0,0,4,2,2,2,0,0,0,0,0,0,1,1,0,0
Milla Keitel,0,1,1,0,2,2,1,2,0,0,0,0,1,2,1,1,0,3,0,1,2,0,2,1,0,0,3,1,0,1,1,0,0,2,0,2,1,0,2,1,1,0,0,1,4,1,1,0,0,0,0,1,0,0,0,0,2,0,0,0,2,0,0,1,1,0,0,2,1,1,1,1,0,28,1,0,0,0,0,0,0,1,1,0,1,1,0,0,0,1,1,0,1,0,0,0,0,0,0,0,1,2,0,1,0,0,2,1,0,0,0,0,0,0,0,0,1,0,0,0,0,1,0,2,1,0,2,1,0,1,0,0,2,0,0,1,0,1,1,0,1,0,0,0,0,2,0,0,0,0,0,0,1,0,0,1,1,2,0,1,0,2,0,1,0,0,1,2,0,1,1,0,0,1,0,2,2,1,1,0,1,1,0,0,0,1,1,0,0,0,2,2,2,2,0,1,0,0,0,1
Burt Posey,0,0,0,0,0,0,1,0,0,0,0,1,0,1,2,0,0,0,0,2,1,0,0,0,0,2,2,1,2,1,0,1,1,0,0,0,2,1,2,2,0,0,0,0,2,0,1,1,1,2,0,0,2,2,0,0,1,1,0,2,3,1,0,0,2,1,1,1,0,0,0,1,1,1,24,2,0,1,0,1,2,2,1,1,1,0,0,1,1,1,0,0,2,2,0,2,0,2,0,0,0,0,4,1,0,2,1,1,2,1,0,2,1,0,0,0,1,0,0,1,0,3,0,1,0,0,2,0,0,1,1,1,0,0,0,2,0,1,2,2,1,0,0,0,0,2,1,0,0,2,1,0,0,1,0,1,1,0,0,1,1,0,0,1,0,0,0,0,2,2,1,2,0,1,0,0,2,2,0,1,4,1,0,1,1,2,1,0,1,0,0,1,0,1,0,1,0,2,1,0
Angelina Astaire,0,1,0,0,1,1,0,0,1,1,3,0,0,1,0,0,1,0,0,1,0,2,1,1,1,0,0,0,2,0,0,1,0,0,0,0,1,1,2,1,2,2,1,1,2,0,0,0,2,0,0,1,1,1,1,3,1,1,2,0,1,0,1,0,0,0,1,0,0,0,0,0,0,0,2,31,0,0,0,1,0,1,0,0,0,1,1,2,1,1,0,0,1,0,2,1,1,2,3,0,2,3,2,1,0,1,1,3,2,0,2,1,1,1,2,0,1,0,0,0,1,0,0,2,0,1,0,0,2,1,0,1,0,0,0,0,2,0,0,1,1,2,0,0,0,0,1,0,1,0,0,0,1,1,0,0,3,1,2,0,1,0,1,0,1,1,0,0,1,0,0,0,0,0,0,0,0,0,1,0,2,0,2,2,1,3,1,2,0,2,1,0,1,1,1,1,0,2,1,3
Cary Mcconaughey,2,1,1,1,0,0,0,1,0,1,2,1,0,1,1,0,0,1,0,1,0,0,1,1,3,1,0,0,0,0,0,0,2,0,1,1,2,1,1,1,0,0,0,0,0,1,0,1,0,0,2,0,0,0,2,0,1,1,3,0,0,0,1,1,2,0,0,0,1,1,0,2,1,0,0,0,24,2,1,1,1,0,0,1,0,0,0,0,0,0,1,1,0,0,2,2,1,0,0,0,0,0,0,0,1,1,1,1,0,1,1,1,0,1,3,1,0,1,2,0,0,0,1,2,2,0,0,1,0,1,0,0,1,1,0,1,1,1,0,1,0,0,0,0,0,1,0,0,2,0,0,1,1,0,1,0,0,0,1,0,1,1,0,0,0,0,0,0,2,1,1,1,0,1,1,3,1,0,1,1,2,0,1,1,1,0,3,1,0,0,2,0,0,1,0,1,0,0,0,2
Groucho Sinatra,0,1,1,0,1,0,0,0,2,1,0,2,0,0,1,0,2,0,2,0,1,0,1,0,1,0,1,0,0,2,1,0,0,1,0,1,2,0,1,0,2,1,1,0,1,0,1,2,1,2,0,1,0,1,1,1,3,1,1,1,1,3,0,1,1,0,0,0,0,0,0,0,0,0,1,0,2,26,1,1,2,0,0,0,0,2,1,1,1,0,2,0,1,0,2,1,1,0,0,0,0,0,1,0,0,2,2,2,0,1,0,0,0,1,0,1,0,0,1,0,0,0,0,1,1,1,0,0,0,1,1,0,0,0,0,0,1,1,0,1,2,0,0,4,1,0,0,0,2,1,1,2,0,0,1,1,0,2,2,1,1,1,1,0,0,2,0,1,2,0,1,0,1,1,0,0,1,1,2,2,2,1,1,0,2,1,0,0,0,1,0,1,1,1,1,0,0,0,1,0
Mae Hoffman,0,0,1,0,0,0,0,2,0,0,1,0,0,0,0,2,1,0,3,1,0,2,2,1,0,0,0,0,1,1,1,0,1,2,0,0,2,1,0,0,1,0,1,1,0,0,0,2,0,1,1,0,1,0,1,2,1,1,1,2,0,1,0,1,0,2,1,3,0,1,0,0,0,0,0,0,1,1,28,2,1,3,0,1,0,1,0,0,0,1,1,0,0,2,3,0,2,0,2,0,0,0,1,0,2,1,0,1,1,1,0,0,0,0,0,2,0,0,2,1,0,1,0,0,0,2,0,2,1,2,0,0,0,1,0,2,2,0,0,1,0,2,0,3,0,1,0,0,0,0,2,1,0,2,0,2,0,3,0,3,1,2,0,1,2,1,1,1,2,2,0,0,1,1,0,0,0,0,1,2,1,1,2,0,0,0,0,0,3,0,0,1,1,0,2,1,3,2,0,0
Ralph Cruz,0,0,1,1,1,0,0,0,0,0,3,0,0,2,3,1,2,1,1,0,1,1,1,0,1,1,0,1,2,3,0,0,0,1,0,0,3,1,0,0,2,1,0,0,1,0,0,0,2,0,0,1,0,1,1,0,0,3,0,2,1,1,0,2,1,3,0,0,0,1,1,0,0,0,1,1,1,1,2,28,2,0,0,1,1,3,0,1,0,2,3,2,3,3,2,2,0,2,1,2,2,1,2,1,0,2,2,0,0,1,1,1,0,1,2,0,1,0,2,2,0,0,0,0,3,1,0,1,1,0,0,1,0,2,1,1,1,1,1,1,0,2,0,1,1,1,2,1,2,0,1,2,0,1,2,1,0,0,3,0,1,0,0,0,1,2,1,2,0,1,1,0,1,1,1,0,1,0,0,1,0,1,1,0,0,0,0,0,1,0,1,4,2,0,0,0,1,2,0,0
Scarlett Damon,0,1,2,1,0,1,1,1,0,0,1,0,1,1,1,2,0,1,0,2,1,1,0,2,1,2,1,3,0,1,0,1,0,1,1,1,2,3,0,1,2,2,2,0,2,0,1,2,2,1,0,0,3,0,1,0,1,1,0,1,1,2,0,0,1,0,0,1,1,2,0,0,0,0,2,0,1,2,1,2,36,2,1,1,1,2,0,0,2,1,1,0,4,1,0,1,0,0,2,0,0,0,3,3,1,1,2,1,1,0,1,3,0,0,3,0,0,3,0,0,0,1,0,0,1,1,2,2,1,2,1,0,0,0,1,1,0,3,2,0,1,0,2,1,2,0,3,0,3,1,2,4,0,0,0,0,0,2,0,2,1,1,1,2,0,0,1,1,3,1,2,2,1,2,1,3,3,1,0,1,1,0,1,0,1,3,0,0,0,0,3,2,0,2,0,0,0,2,0,1
Woody Jolie,0,1,3,0,2,1,0,0,0,1,1,3,1,0,1,2,0,1,2,1,2,1,0,1,0,0,1,1,0,1,3,0,1,0,0,1,1,1,1,0,0,1,1,1,2,0,1,0,0,1,1,0,0,0,0,2,0,4,0,1,0,0,1,0,0,1,2,2,2,2,0,0,1,1,2,1,0,0,3,0,2,31,1,1,1,2,1,1,1,1,1,1,4,1,1,1,0,3,1,1,2,2,1,0,0,4,0,0,2,0,0,0,1,1,1,1,0,2,0,2,1,0,0,2,2,3,1,2,0,1,1,0,0,0,0,0,1,0,2,0,0,2,0,0,2,1,0,1,1,3,1,0,1,2,0,0,1,1,4,3,2,1,0,0,0,1,2,1,1,2,0,0,1,0,1,2,1,0,1,2,2,1,0,2,0,0,2,0,0,1,1,0,0,0,0,0,0,0,0,0
Ben Willis,0,2,0,0,2,2,1,1,1,0,1,2,2,1,0,1,1,2,1,2,2,1,1,0,0,3,1,2,2,0,0,0,1,0,2,0,1,0,0,0,2,1,1,2,0,0,1,0,0,1,1,1,2,1,1,0,1,1,1,1,1,1,2,0,1,0,0,0,1,1,2,1,0,1,1,0,0,0,0,0,1,1,33,3,0,1,3,0,0,2,1,0,1,3,0,1,1,0,2,1,0,3,3,0,0,1,0,2,1,1,2,1,0,2,1,4,2,0,1,2,0,0,0,0,1,0,3,0,0,2,2,1,0,0,1,1,1,3,1,2,1,0,0,1,1,0,0,0,2,3,1,2,0,0,1,1,1,1,1,0,6,2,2,0,1,0,3,1,0,1,1,2,2,0,1,0,2,0,0,1,0,0,0,1,1,0,1,2,1,0,0,0,1,2,0,2,2,0,1,2
James Pitt,0,1,1,1,1,0,1,0,0,2,1,1,2,1,1,0,0,1,0,1,2,1,3,0,0,2,4,1,1,0,0,1,1,0,1,0,3,0,2,1,0,0,1,0,1,2,0,1,1,0,0,0,0,1,0,0,1,2,1,1,1,1,1,2,3,0,0,0,1,2,2,0,0,0,1,0,1,0,1,1,1,1,3,31,1,2,0,2,0,1,1,0,0,0,1,1,0,1,1,2,1,1,1,0,2,0,1,1,1,1,0,1,1,0,0,2,0,1,1,1,3,1,2,2,1,3,1,0,2,0,2,2,0,0,1,1,1,1,0,2,2,2,1,2,1,0,0,0,1,1,2,1,0,0,1,1,2,2,0,0,2,1,1,0,1,0,0,0,0,2,1,1,2,2,2,1,3,0,1,2,0,1,0,1,0,1,0,2,0,0,2,0,0,0,0,0,0,1,0,0
Minnie Zellweger,0,0,0,0,2,0,1,1,1,1,0,3,2,1,0,0,2,0,2,1,0,0,0,1,0,0,1,1,2,0,0,0,0,0,0,1,0,0,1,1,2,0,0,2,1,2,0,0,1,2,3,2,0,0,0,2,0,0,1,2,0,1,0,1,1,2,0,1,1,3,0,1,1,1,1,0,0,0,0,1,1,1,0,1,31,0,1,1,0,1,1,0,1,1,2,1,0,1,2,1,0,1,1,1,0,1,0,0,0,0,0,0,1,0,0,1,0,2,2,0,0,1,1,2,0,0,1,0,0,0,2,2,0,0,1,0,0,2,1,0,0,0,1,1,1,2,2,0,2,1,1,1,0,1,2,1,0,2,0,1,0,1,1,2,2,1,1,2,0,0,2,1,0,0,1,2,2,0,2,1,1,1,0,0,1,0,1,1,0,0,2,2,1,0,1,0,1,0,1,0
River Dean,1,3,0,1,2,0,0,1,0,0,1,1,0,1,0,0,2,1,1,0,2,0,0,1,1,2,1,0,1,0,0,0,1,0,0,0,1,0,0,0,0,1,2,1,1,1,1,1,0,0,0,1,2,0,2,1,0,2,0,2,0,1,0,0,0,2,1,3,0,0,1,0,0,1,0,1,0,2,1,3,2,2,1,2,0,31,1,2,0,1,0,0,0,2,1,2,0,0,0,0,1,0,2,0,0,2,3,2,1,0,0,2,1,1,1,0,0,1,1,0,2,1,0,1,0,3,0,4,1,0,0,0,0,0,2,0,1,1,0,1,2,1,1,1,1,0,0,1,1,1,1,2,1,2,1,0,0,2,1,1,0,1,1,1,1,1,1,0,0,0,2,0,0,2,0,1,1,0,0,0,0,0,1,0,1,0,1,0,1,0,2,3,1,2,4,3,0,0,0,1
Greg Chaplin,0,1,0,0,0,1,0,1,1,1,2,2,0,0,0,1,0,1,1,0,1,0,1,0,0,0,0,0,2,0,1,0,1,1,0,0,0,0,0,1,1,0,0,1,0,0,1,0,1,2,0,2,0,1,1,1,0,0,0,0,2,0,2,0,0,0,0,1,0,1,0,4,1,0,0,1,0,1,0,0,0,1,3,0,1,1,27,0,1,0,3,0,2,0,1,1,1,0,0,1,0,0,1,0,0,1,1,3,1,0,0,0,0,1,0,1,0,1,0,1,0,0,0,0,0,1,0,0,0,4,0,1,0,0,0,2,2,1,1,1,2,1,0,1,2,0,0,0,2,0,1,0,1,0,2,0,1,0,1,0,0,1,1,0,0,0,1,2,0,0,0,0,1,0,0,1,0,0,0,0,0,1,2,1,1,1,2,0,2,1,0,0,0,2,1,1,3,2,2,0
Spencer Peck,0,0,0,1,0,0,0,0,0,0,0,0,1,1,0,0,2,0,0,0,1,0,0,1,1,0,2,1,0,0,0,3,0,0,0,0,1,0,1,0,1,0,1,1,0,1,0,3,2,0,0,0,1,0,0,1,0,2,0,4,0,0,0,0,0,2,1,3,0,1,0,1,0,0,1,2,0,1,0,1,0,1,0,2,1,2,0,21,0,0,0,1,1,0,0,2,0,1,1,1,2,1,1,1,0,1,1,1,1,2,1,1,3,0,1,1,2,0,0,1,1,2,4,0,1,1,1,2,1,0,0,1,0,1,2,0,0,0,1,2,2,1,1,2,0,1,0,1,0,0,1,0,0,1,1,0,0,1,0,0,0,0,0,0,2,0,0,0,0,0,0,0,0,1,0,0,0,0,1,0,1,2,0,0,0,1,0,1,0,3,1,0,0,1,1,0,0,2,0,0
Kenneth Pesci,0,0,1,1,0,1,1,0,0,1,0,0,1,1,1,2,0,1,1,1,1,0,0,0,0,0,0,1,0,1,0,0,1,2,0,0,2,1,0,1,1,0,0,0,0,0,0,0,0,1,1,0,0,0,1,1,1,2,0,0,0,0,0,1,0,0,0,1,0,1,0,0,0,0,1,1,0,1,0,0,2,1,0,0,0,0,1,0,20,0,0,0,1,0,2,0,1,0,1,1,0,0,0,0,0,0,1,0,0,1,0,0,0,0,0,0,1,1,0,1,1,1,2,1,1,2,1,2,0,1,0,1,0,0,0,1,2,1,0,2,0,0,0,2,0,0,1,0,1,0,1,1,0,3,2,0,0,1,0,0,0,2,3,1,0,0,1,1,0,0,0,0,0,0,1,1,0,0,1,0,0,3,0,1,0,0,1,0,1,2,2,1,0,1,0,1,0,0,1,0
Charlize Dench,1,1,0,0,0,0,0,1,1,0,0,0,3,2,1,0,0,0,4,0,0,0,4,0,2,3,0,0,2,0,0,1,2,1,0,1,2,0,0,0,1,0,2,0,2,1,0,0,1,1,1,0,1,1,0,0,0,2,0,0,0,1,0,0,1,2,0,0,3,0,1,0,0,1,1,1,0,0,1,2,1,1,2,1,1,1,0,0,0,24,4,0,2,1,1,1,0,2,1,0,0,0,2,0,0,1,0,1,0,0,0,1,0,0,2,0,0,1,0,0,0,0,1,2,1,0,0,2,2,0,0,0,2,2,0,0,1,4,2,2,0,0,0,1,0,2,3,1,0,4,1,0,1,0,0,0,1,2,2,0,0,1,1,0,2,1,1,0,1,1,1,2,3,0,0,1,0,0,1,0,1,1,0,0,0,1,1,1,1,0,1,1,1,0,0,2,0,1,0,0
Sean Guiness,0,0,0,1,1,1,2,1,0,0,1,2,2,0,1,0,1,0,3,1,0,0,2,0,0,1,3,0,0,2,1,1,0,0,1,0,3,0,0,3,2,0,1,0,3,0,1,0,3,2,0,0,0,1,1,1,0,1,0,2,2,3,1,2,0,1,0,0,2,0,1,0,1,1,0,0,1,2,1,3,1,1,1,1,1,0,3,0,0,4,33,0,1,0,0,1,0,1,1,0,0,0,1,1,0,1,1,1,0,0,0,0,1,1,0,1,2,1,1,2,0,2,2,1,1,1,0,1,1,2,0,0,1,2,0,0,2,1,0,2,0,0,0,0,0,2,0,1,0,3,2,0,1,0,1,1,2,1,0,1,1,0,1,0,0,0,0,1,0,3,0,4,1,3,1,1,2,1,1,0,2,1,1,0,1,0,0,2,0,1,1,0,0,0,1,1,0,5,0,0
Christopher Berry,2,0,1,1,0,1,1,1,0,1,0,1,0,0,0,0,0,0,0,0,0,0,0,2,0,0,0,0,1,0,0,0,0,1,0,1,0,2,0,0,0,0,1,2,1,1,1,0,0,1,0,0,2,0,0,0,1,1,0,1,0,0,0,1,0,2,0,0,0,0,0,0,0,0,0,0,1,0,0,2,0,1,0,0,0,0,0,1,0,0,0,20,0,1,1,0,0,0,1,1,0,3,0,0,0,0,0,2,0,2,0,1,1,1,2,0,1,1,0,1,0,0,0,1,1,0,0,1,0,0,1,1,0,0,0,0,1,0,0,2,2,2,2,0,0,0,0,0,0,2,0,0,1,0,2,0,0,0,0,0,1,0,0,0,1,1,1,1,1,1,4,1,0,1,1,2,0,0,0,0,0,0,1,0,0,0,1,1,1,0,1,0,1,0,0,0,0,0,0,0
Kirsten Akroyd,0,0,2,1,0,0,1,0,1,1,1,2,1,0,1,1,0,0,0,0,1,1,0,0,1,3,1,0,2,1,1,1,2,2,0,2,2,3,0,0,0,2,0,3,0,2,0,1,2,0,1,0,0,0,0,1,0,1,0,1,0,0,0,1,1,3,1,0,0,1,0,0,0,1,2,1,0,1,0,3,4,4,1,0,1,0,2,1,1,2,1,0,34,2,2,1,0,2,1,3,1,2,4,0,0,1,2,1,1,0,1,1,2,1,1,1,2,0,1,2,0,1,1,0,0,2,1,1,1,0,1,2,0,1,0,1,2,1,2,2,0,1,2,2,0,2,1,0,0,3,0,0,0,1,0,0,1,0,1,0,2,0,0,1,0,0,1,1,2,0,0,0,1,1,0,3,1,0,0,0,2,0,0,0,0,0,0,2,1,1,0,2,1,0,0,0,1,2,0,0
Ellen Presley,0,0,1,1,0,0,0,0,0,0,1,0,1,1,2,2,4,1,2,1,1,0,1,0,0,1,0,1,0,0,0,1,1,0,0,2,0,0,1,2,1,0,1,2,1,1,1,0,0,1,1,0,1,0,0,0,0,1,1,1,0,1,0,2,0,1,0,1,0,2,1,1,0,0,2,0,0,0,2,3,1,1,3,0,1,2,0,0,0,1,0,1,2,25,1,0,1,0,1,3,1,0,2,0,0,2,0,1,1,0,1,5,1,1,1,0,0,0,0,0,0,0,0,0,0,0,0,1,0,0,1,1,0,1,0,0,0,0,1,1,1,2,0,1,1,2,0,1,1,1,0,2,0,1,2,0,3,1,1,0,2,1,0,0,2,0,3,1,0,0,0,1,0,1,0,2,0,1,0,2,2,0,1,0,1,0,1,0,0,1,0,1,0,0,0,1,1,0,0,0
Kenneth Torn,0,1,0,1,0,3,0,0,0,0,0,2,1,1,1,1,2,0,2,0,0,1,0,0,1,0,1,1,0,0,0,0,3,2,0,0,2,0,1,1,2,2,1,1,0,1,0,1,0,0,1,1,1,0,1,3,2,1,1,1,0,3,1,0,2,0,1,0,0,0,0,0,4,0,0,2,2,2,3,2,0,1,0,1,2,1,1,0,2,1,0,1,2,1,33,1,1,0,0,4,0,2,3,1,0,0,1,1,1,0,0,0,1,1,1,1,0,1,2,2,0,1,1,0,2,1,1,1,0,0,0,3,0,1,0,1,1,0,1,1,0,0,2,3,4,3,1,0,3,3,1,2,0,1,1,1,2,1,1,2,0,0,0,0,1,1,0,0,0,1,0,0,0,0,0,4,0,1,1,1,0,0,0,0,0,1,3,4,4,0,2,1,0,0,0,2,2,0,0,0
Daryl Wahlberg,0,1,1,0,1,0,1,1,2,1,0,1,1,0,0,0,0,0,0,0,0,1,1,1,2,1,0,3,0,1,1,3,0,0,3,1,0,2,1,0,0,1,0,1,1,0,1,2,1,1,2,1,1,2,0,0,0,1,0,1,0,1,0,0,0,2,0,0,0,0,1,0,3,0,2,1,2,1,0,2,1,1,1,1,1,2,1,2,0,1,1,0,1,0,1,31,0,1,0,0,0,1,3,1,0,0,1,0,0,0,1,0,1,3,2,2,1,0,1,0,1,1,1,1,2,0,0,1,1,1,2,0,0,0,1,3,1,0,3,2,2,1,0,1,2,1,1,0,0,1,0,0,2,0,1,1,2,1,0,0,1,0,1,1,1,0,2,1,1,0,1,0,1,0,2,0,2,0,2,0,5,2,0,1,0,0,1,0,1,0,2,0,1,1,1,0,1,1,0,0
Gene Willis,1,0,1,1,1,0,1,0,0,0,0,1,1,0,1,0,1,0,0,1,0,1,0,1,0,0,0,1,1,1,0,0,0,2,0,1,1,0,1,0,0,1,0,1,2,0,1,1,0,0,0,0,1,0,3,0,1,0,2,0,1,1,2,2,0,0,2,0,1,0,1,0,1,0,0,1,1,1,2,0,0,0,1,0,0,0,1,0,1,0,0,0,0,1,1,0,23,0,1,1,1,1,0,0,2,0,0,2,0,0,2,0,0,0,1,2,1,1,1,0,1,0,0,0,1,0,1,2,0,1,1,3,1,1,0,1,0,1,1,0,1,0,0,0,1,2,1,0,0,0,0,2,1,0,2,1,2,2,0,0,1,1,0,1,1,0,0,0,1,0,0,1,0,0,1,1,0,0,0,1,2,1,1,3,0,0,0,0,0,2,0,0,0,1,0,0,0,0,0,1
Meg Hawke,0,2,0,0,0,2,0,0,0,1,1,2,0,1,2,1,0,1,0,2,0,0,2,1,1,0,0,1,2,0,1,2,0,0,1,1,1,0,0,3,0,0,0,0,0,0,0,2,1,1,0,1,4,1,2,2,1,2,1,1,1,1,0,1,1,4,1,0,1,1,0,1,1,0,2,2,0,0,0,2,0,3,0,1,1,0,0,1,0,2,1,0,2,0,0,1,0,27,0,0,0,0,2,2,0,1,0,1,1,0,0,0,3,1,2,0,0,1,3,1,1,0,0,1,1,1,2,2,1,2,1,0,1,2,0,1,2,1,3,1,1,3,0,1,1,2,0,1,2,2,2,0,0,0,2,1,0,3,2,2,1,0,1,0,2,0,0,2,0,1,2,0,3,0,0,0,1,2,0,1,1,1,1,0,2,0,1,0,0,0,0,0,1,0,0,0,1,0,0,0
Chris Bridges,0,0,1,2,0,0,0,0,0,1,0,1,1,0,1,1,1,0,1,0,3,2,2,2,0,0,0,1,0,1,0,0,0,0,1,1,0,1,0,1,4,1,0,0,1,1,1,1,1,1,2,0,1,1,0,1,0,0,2,1,1,1,0,1,0,2,1,1,0,1,0,0,0,0,0,3,0,0,2,1,2,1,2,1,2,0,0,1,1,1,1,1,1,1,0,0,1,0,27,0,0,1,1,1,1,2,1,0,1,1,2,1,1,0,1,4,0,2,0,3,0,1,0,1,0,1,1,1,2,1,2,2,1,0,0,0,1,0,0,1,0,2,2,0,1,2,0,0,2,0,1,1,0,0,0,2,1,3,0,0,1,0,0,0,2,1,4,0,1,2,0,1,0,1,0,0,0,1,0,2,0,1,0,2,0,0,1,0,1,2,0,0,0,1,1,0,0,0,0,1
Jim Mostel,0,1,2,1,0,0,3,0,0,0,1,2,2,1,1,1,0,1,1,0,0,1,2,0,0,0,2,1,0,0,1,1,1,0,0,2,1,1,0,1,0,0,0,4,1,1,0,0,1,1,1,0,1,3,2,0,0,1,1,1,0,0,0,1,1,0,2,1,0,1,0,2,1,0,0,0,0,0,0,2,0,1,1,2,1,0,1,1,1,0,0,1,3,3,4,0,1,0,0,26,3,2,2,0,1,1,0,1,1,2,1,2,2,3,0,0,1,0,1,2,1,0,1,0,2,2,0,0,0,0,0,0,0,1,1,0,2,0,0,2,2,0,1,1,2,1,0,1,0,1,0,1,0,1,0,0,2,1,2,0,1,2,0,0,0,1,1,0,0,3,0,0,0,3,1,1,1,0,2,1,1,0,1,1,1,0,0,1,1,0,1,3,0,0,0,0,1,1,1,0
Spencer Depp,0,0,2,2,1,0,2,0,1,0,2,2,3,2,1,2,0,1,2,1,0,0,1,0,1,0,1,0,1,0,0,1,0,2,0,1,1,0,1,0,1,0,0,1,1,1,1,0,1,0,0,1,0,0,1,0,1,0,0,0,0,0,1,0,1,1,0,0,1,1,0,1,0,1,0,2,0,0,0,2,0,2,0,1,0,1,0,2,0,0,0,0,1,1,0,0,1,0,0,3,24,1,1,1,0,0,0,0,0,1,1,2,0,1,0,2,0,0,0,0,3,0,1,0,0,3,0,2,2,0,0,0,0,0,1,0,1,0,0,0,0,2,1,0,0,1,1,1,2,0,0,1,1,0,1,0,2,1,0,1,3,1,0,0,1,2,1,0,3,1,2,0,0,0,0,1,1,0,1,0,1,1,1,2,2,0,2,1,0,1,0,0,0,1,0,2,3,0,0,1
Susan Davis,1,0,1,0,3,1,1,3,0,1,2,0,0,1,1,1,0,0,0,1,2,2,1,0,0,1,1,1,1,0,3,2,0,0,0,0,2,0,1,1,1,2,1,0,2,1,1,0,3,0,0,0,1,1,0,1,0,0,2,2,0,1,1,1,1,2,0,1,0,0,0,0,2,2,0,3,0,0,0,1,0,2,3,1,1,0,0,1,0,0,0,3,2,0,2,1,1,0,1,2,1,33,2,0,1,0,1,1,2,1,0,1,2,1,1,0,0,0,0,0,1,0,1,2,2,2,2,1,1,0,1,2,0,0,3,0,0,3,0,0,2,2,2,1,1,0,1,0,1,0,0,0,1,1,1,1,0,1,1,1,1,1,0,1,1,2,0,2,1,1,2,1,2,0,2,1,1,1,2,0,0,1,1,2,1,0,1,5,0,0,0,0,1,0,1,0,2,2,0,0
Walter Torn,2,2,1,1,0,3,1,1,1,1,2,3,1,1,1,0,3,1,0,0,0,3,0,1,1,4,2,1,0,1,2,3,1,0,0,1,3,0,2,4,2,0,2,0,2,1,3,0,1,0,0,2,3,1,1,2,3,0,1,1,1,0,1,3,2,0,0,1,1,1,0,1,0,0,4,2,0,1,1,2,3,1,3,1,1,2,1,1,0,2,1,0,4,2,3,3,0,2,1,2,1,2,41,0,1,1,1,2,3,0,0,3,4,0,1,0,1,0,2,3,0,1,0,1,0,0,2,0,2,2,2,0,0,1,1,0,2,2,2,5,0,0,1,2,0,0,3,0,3,3,0,0,0,1,1,1,4,0,4,0,1,0,0,1,0,1,1,0,1,1,0,2,2,1,1,3,0,4,1,0,1,2,0,0,2,1,0,3,0,2,2,1,1,0,0,1,3,2,0,2
Matthew Leigh,0,0,0,0,0,1,0,1,1,0,1,0,0,0,0,2,2,0,0,1,0,1,0,2,0,0,1,0,0,1,1,3,1,0,0,1,1,0,0,0,2,1,0,0,1,0,0,1,0,1,2,0,1,1,1,0,1,1,2,0,2,0,0,1,2,0,0,4,0,0,1,2,0,1,1,1,0,0,0,1,3,0,0,0,1,0,0,1,0,0,1,0,0,0,1,1,0,2,1,0,1,0,0,30,0,2,2,0,1,0,2,1,0,0,0,0,1,1,1,0,0,0,0,0,0,0,2,1,1,0,0,1,0,0,0,0,1,0,1,0,0,0,2,1,2,1,2,0,1,2,1,1,0,0,0,1,0,2,1,0,0,0,0,1,2,0,1,0,0,0,2,3,0,0,0,0,1,1,0,1,3,2,0,1,2,0,0,1,2,0,2,0,0,1,1,0,0,1,0,2
Penelope Cronyn,1,0,1,1,1,2,1,0,1,0,0,1,1,0,0,2,1,0,0,0,0,1,0,1,1,1,2,2,0,1,1,3,0,0,0,1,1,2,0,3,1,1,1,0,2,1,1,3,1,1,0,1,0,2,0,1,0,0,1,0,0,1,1,1,2,1,1,1,0,0,1,0,0,0,0,0,1,0,2,0,1,0,0,2,0,0,0,0,0,0,0,0,0,0,0,0,2,0,1,1,0,1,1,0,31,0,1,1,1,2,1,0,0,0,0,2,0,2,2,1,0,1,0,2,0,0,0,0,1,0,0,0,2,1,0,0,1,0,1,2,1,1,1,1,1,1,1,0,0,2,2,2,1,0,0,1,0,0,1,0,1,0,1,1,1,0,0,1,0,1,1,0,1,1,0,1,2,0,1,2,3,1,2,0,0,0,0,1,0,0,1,1,0,0,1,1,0,2,0,1
Sidney Crowe,0,1,1,1,0,2,1,1,0,1,1,0,1,0,2,1,2,2,1,0,3,0,3,0,2,3,0,2,0,0,0,1,1,0,0,3,1,0,2,1,0,1,3,0,0,0,0,1,1,2,3,1,0,3,0,3,0,1,0,2,4,2,1,1,1,2,1,1,2,0,0,0,1,0,2,1,1,2,1,2,1,4,1,0,1,2,1,1,0,1,1,0,1,2,0,0,0,1,2,1,0,0,1,2,0,34,1,3,1,1,0,0,1,1,1,2,1,4,1,3,1,0,4,1,1,0,1,1,0,1,0,0,1,1,2,0,3,1,1,0,1,0,1,0,1,2,3,0,0,0,0,0,0,2,0,0,1,1,1,1,0,0,2,1,0,0,1,0,2,2,0,1,0,0,1,0,3,0,0,2,0,2,0,0,0,1,3,1,1,1,2,0,0,1,1,2,1,1,0,2
Groucho Dunst,1,1,0,1,1,0,0,1,2,0,0,1,0,1,2,1,3,1,1,0,0,0,0,4,1,2,1,0,0,0,1,2,1,0,0,0,1,1,1,0,2,3,0,0,0,0,0,2,1,0,0,2,1,1,0,1,0,1,1,0,4,1,1,2,0,1,0,1,0,1,1,0,0,2,1,1,1,2,0,2,2,0,0,1,0,3,1,1,1,0,1,0,2,0,1,1,0,0,1,0,0,1,1,2,1,1,35,1,1,0,1,2,1,0,2,0,0,0,2,1,2,2,3,0,1,1,2,1,1,1,0,1,1,1,0,0,1,0,1,1,1,1,0,1,1,0,0,0,1,0,0,0,1,1,0,0,0,2,0,1,1,2,2,1,2,0,0,1,2,0,2,2,0,2,1,0,1,1,1,0,1,1,0,1,0,1,0,1,0,0,1,2,1,0,0,0,2,1,0,0
Gina Degeneres,1,2,0,1,4,2,2,2,0,0,1,0,2,2,1,1,2,1,0,4,0,2,0,4,1,1,2,3,2,1,1,3,2,1,0,0,2,2,2,0,0,0,1,0,1,0,2,0,2,1,1,2,0,2,1,1,1,0,0,3,1,1,2,0,2,0,0,1,1,0,1,0,2,1,1,3,1,2,1,0,1,0,2,1,0,2,3,1,0,1,1,2,1,1,1,0,2,1,0,1,0,1,2,0,1,3,1,42,0,0,3,3,3,1,1,1,2,1,1,2,0,2,0,0,0,2,1,1,1,2,1,0,3,3,0,2,1,1,1,0,1,2,1,0,1,1,0,1,2,0,1,0,1,1,2,1,2,2,0,0,0,2,2,0,0,0,0,0,2,0,1,0,2,1,1,3,1,0,0,0,1,0,2,1,3,1,1,4,1,2,1,0,0,0,4,0,1,1,0,1
Warren Nolte,1,2,1,2,0,2,0,0,0,3,1,1,1,1,0,0,1,1,2,2,6,3,2,1,0,1,0,1,0,1,0,2,0,0,0,0,1,0,3,3,2,2,1,1,2,1,0,0,0,0,1,1,2,0,0,1,0,1,1,0,1,1,3,0,1,1,1,2,0,0,0,0,2,0,2,2,0,0,1,0,1,2,1,1,0,1,1,1,0,0,0,0,1,1,1,0,0,1,1,1,0,2,3,1,1,1,1,0,34,0,0,2,0,0,0,4,0,1,1,2,2,2,1,1,0,0,0,0,2,1,4,1,0,2,3,0,0,1,1,2,2,1,1,2,0,2,0,0,0,2,1,0,0,1,1,1,1,1,2,1,2,1,0,1,1,0,0,3,3,0,2,3,1,0,1,1,0,3,0,1,3,0,1,1,1,2,2,2,1,2,3,0,0,1,1,0,1,3,0,1
Sylvester Dern,0,0,2,1,1,0,1,0,0,1,1,1,0,0,0,1,0,1,1,2,2,0,0,1,0,2,1,0,0,2,1,0,1,1,1,0,3,0,1,1,1,0,1,0,1,2,0,0,0,2,0,0,0,0,0,0,1,2,1,0,0,1,0,1,1,0,0,0,0,0,0,0,1,0,1,0,1,1,1,1,0,0,1,1,0,0,0,2,1,0,0,2,0,0,0,0,0,0,1,2,1,1,0,0,2,1,0,0,0,22,0,1,1,2,0,1,2,2,0,1,0,1,1,1,2,0,0,2,0,0,0,1,0,1,1,0,1,0,2,0,1,1,1,3,1,2,0,0,0,1,1,0,1,0,2,0,1,1,0,0,1,1,1,0,0,1,0,0,1,0,0,0,1,1,1,0,1,0,2,5,0,0,0,1,1,0,0,0,0,0,0,1,0,1,1,0,2,0,1,0
Susan Davis,0,1,1,1,2,0,2,0,1,0,0,1,1,1,0,0,0,0,1,0,0,2,1,1,0,0,0,1,0,1,0,0,0,1,0,0,0,0,0,0,1,0,0,0,0,0,0,1,0,0,1,0,2,1,2,0,0,0,1,0,0,0,0,0,0,0,0,1,1,1,0,0,0,0,0,2,1,0,0,1,1,0,2,0,0,0,0,1,0,0,0,0,1,1,0,1,2,0,2,1,1,0,0,2,1,0,1,3,0,0,21,0,0,2,1,0,0,0,0,0,1,0,1,0,3,1,2,0,2,0,1,2,2,0,0,0,0,0,1,0,1,0,0,0,2,0,1,1,0,0,1,0,0,1,2,0,0,0,1,0,1,0,0,2,1,0,1,0,0,1,1,0,0,0,0,0,0,0,2,0,2,0,0,1,1,0,2,0,0,1,1,0,0,0,0,1,1,1,0,1
Cameron Zellweger,0,1,0,0,1,0,1,1,0,0,0,0,1,2,1,0,1,0,0,2,2,1,2,2,1,1,2,3,0,1,0,1,2,0,1,1,2,0,0,2,2,0,2,1,3,2,4,0,1,1,2,2,1,1,2,1,1,0,0,2,1,0,0,0,0,1,1,1,0,1,1,1,0,0,2,1,1,0,0,1,3,0,1,1,0,2,0,1,0,1,0,1,1,5,0,0,0,0,1,2,2,1,3,1,0,0,2,3,2,1,0,33,1,3,2,0,0,0,0,0,3,1,1,0,0,2,1,1,1,2,0,0,1,1,0,0,3,2,3,2,2,0,1,1,0,1,1,0,0,3,1,1,3,3,2,0,1,2,1,0,2,0,0,0,2,1,0,0,3,1,1,1,1,1,0,2,0,2,3,3,3,1,0,0,2,1,2,0,0,1,0,2,0,1,3,1,0,1,0,1
Russell Bacall,0,0,0,0,2,0,1,0,1,0,1,3,1,1,1,0,2,0,0,1,1,0,1,2,1,1,1,0,0,1,2,2,0,0,1,1,0,1,3,2,0,1,0,1,0,1,0,1,1,1,0,0,0,1,1,1,1,1,1,0,0,2,0,1,0,1,0,1,0,3,1,3,4,0,1,1,0,0,0,0,0,1,0,1,1,1,0,3,0,0,1,1,2,1,1,1,0,3,1,2,0,2,4,0,0,1,1,3,0,1,0,1,25,2,1,0,1,0,1,1,1,2,1,2,2,2,1,0,1,0,2,1,0,0,0,0,0,1,0,0,0,3,0,1,0,0,1,1,1,1,0,0,3,1,1,0,1,2,0,0,1,0,0,0,0,0,1,1,0,1,1,0,1,0,1,0,1,1,1,1,0,0,0,1,0,1,0,3,0,2,0,0,0,0,1,0,0,3,0,0
Morgan Hopkins,0,1,0,0,1,0,3,0,0,0,1,1,0,3,0,1,0,1,0,0,2,0,2,1,0,1,0,0,1,3,1,1,0,1,3,0,0,1,1,1,2,1,0,2,1,0,0,0,0,1,1,1,1,2,1,0,1,1,0,0,0,2,2,1,0,0,2,0,1,1,0,2,2,0,0,1,1,1,0,1,0,1,2,0,0,1,1,0,0,0,1,1,1,1,1,3,0,1,0,3,1,1,0,0,0,1,0,1,0,2,2,3,2,27,0,0,0,0,3,0,1,1,0,0,2,0,0,0,0,1,2,1,0,0,0,3,0,1,2,3,1,0,0,0,2,2,0,0,1,0,0,2,1,1,2,0,2,0,2,0,2,0,1,0,0,1,0,0,1,1,1,0,1,0,2,1,1,0,2,2,2,0,0,3,0,0,0,1,1,0,2,2,0,1,1,0,2,0,1,1
Morgan Mcdormand,0,0,1,0,1,0,0,0,0,0,0,1,2,0,0,0,0,0,0,2,0,0,1,1,2,1,0,2,0,0,1,0,2,1,0,0,0,2,1,0,2,1,1,1,0,2,1,1,0,1,2,0,1,2,1,0,0,2,1,0,1,0,0,0,1,0,1,0,1,0,0,2,0,0,0,2,3,0,0,2,3,1,1,0,0,1,0,1,0,2,0,2,1,1,1,2,1,2,1,0,0,1,1,0,0,1,2,1,0,0,1,2,1,0,25,0,2,0,0,0,0,0,1,0,0,1,1,0,0,1,1,0,2,2,1,0,2,2,0,1,0,1,0,1,0,0,2,0,3,0,0,0,0,0,1,0,2,1,0,0,4,0,0,0,1,1,1,6,0,1,0,1,3,1,0,3,3,1,0,0,1,0,0,1,0,1,1,0,0,0,3,0,1,0,0,0,0,0,0,2
Harrison Bale,2,1,1,2,1,1,1,0,1,2,0,0,1,0,1,0,0,0,1,2,2,0,0,1,1,0,0,1,0,0,0,0,1,1,2,2,2,0,1,2,1,0,0,1,1,0,0,3,2,0,0,1,0,1,0,1,1,0,0,2,1,1,0,1,2,0,0,2,0,0,1,0,2,0,0,0,1,1,2,0,0,1,4,2,1,0,1,1,0,0,1,0,1,0,1,2,2,0,4,0,2,0,0,0,2,2,0,1,4,1,0,0,0,0,0,28,0,2,1,1,1,1,0,2,1,1,0,1,1,1,1,1,0,1,0,0,1,1,1,0,0,2,0,0,1,2,0,0,0,1,1,3,0,0,2,2,1,0,0,0,1,0,0,0,1,1,0,0,1,0,1,2,2,0,0,1,1,0,0,2,0,2,0,4,0,1,2,1,0,0,0,0,0,1,0,1,1,2,0,2
Dan Streep,1,3,1,0,0,1,0,0,0,0,0,1,0,0,0,0,1,0,0,2,1,1,1,1,2,1,0,0,1,0,1,1,0,2,0,1,0,1,1,1,2,0,1,3,0,0,1,0,0,1,1,1,1,0,0,1,0,2,1,1,0,0,0,1,1,0,0,0,1,1,1,1,1,1,1,1,0,0,0,1,0,0,2,0,0,0,0,2,1,0,2,1,2,0,0,1,1,0,0,1,0,0,1,1,0,1,0,2,0,2,0,0,1,0,2,0,24,0,1,2,0,1,0,1,1,2,0,2,1,0,0,2,0,1,0,1,1,0,0,1,2,0,1,2,0,1,0,0,0,2,1,0,0,0,2,1,0,0,1,0,2,1,0,0,0,1,0,1,0,0,0,0,0,2,0,0,1,0,0,1,1,0,0,2,1,0,0,3,1,1,1,1,1,1,0,1,0,0,1,0
Renee Tracy,0,1,1,0,1,0,0,0,1,0,1,1,1,0,1,0,0,0,1,0,1,0,1,1,0,0,1,0,3,1,1,1,0,0,3,1,2,0,1,1,0,1,1,1,2,0,1,1,1,1,1,1,0,0,1,1,1,2,0,2,2,3,1,2,0,0,0,0,2,0,0,1,1,0,0,0,1,0,0,0,3,2,0,1,2,1,1,0,1,1,1,1,0,0,1,0,1,1,2,0,0,0,0,1,2,4,0,1,1,2,0,0,0,0,0,2,0,33,0,1,0,0,0,2,4,2,1,2,0,0,0,1,0,0,0,0,0,1,0,0,1,1,2,1,0,1,3,1,1,3,1,1,0,0,2,0,1,2,0,0,0,0,1,1,1,0,1,0,2,1,1,2,1,2,2,0,0,2,1,0,0,1,0,0,0,0,1,1,0,0,0,1,0,2,2,1,0,1,2,0
Cuba Allen,1,1,0,0,0,1,2,0,0,0,2,0,0,0,1,0,1,0,0,1,0,0,0,1,1,0,1,0,1,0,0,1,1,1,1,1,2,0,0,1,0,0,0,0,0,0,0,0,2,1,0,1,0,0,0,0,1,1,1,0,0,0,1,2,5,3,0,0,0,0,1,2,0,0,0,0,2,1,2,2,0,0,1,1,2,1,0,0,0,0,1,0,1,0,2,1,1,3,0,1,0,0,2,1,2,1,2,1,1,0,0,0,1,3,0,1,1,0,25,2,1,2,1,1,0,0,0,3,0,1,1,0,1,0,1,3,0,0,2,1,0,0,1,0,2,2,1,0,0,0,0,0,2,2,0,0,0,0,0,0,0,1,0,1,0,2,0,0,0,0,1,0,3,1,0,1,2,2,1,0,1,1,0,2,0,0,1,2,1,1,2,0,1,1,1,0,0,2,0,1
Warren Jackman,2,0,1,2,2,1,2,0,0,1,2,0,2,2,0,1,1,1,0,0,1,2,3,0,1,1,1,0,1,2,1,1,0,2,1,2,1,0,0,3,0,1,0,1,1,1,1,1,0,0,0,0,0,3,0,3,1,1,1,0,1,0,0,1,0,1,0,0,0,0,0,1,0,0,1,0,0,0,1,2,0,2,2,1,0,0,1,1,1,0,2,1,2,0,2,0,0,1,3,2,0,0,3,0,1,3,1,2,2,1,0,0,1,0,0,1,2,1,2,32,0,0,1,1,2,0,1,0,2,1,2,1,0,2,0,0,1,0,0,2,2,0,0,0,1,0,2,0,1,0,1,0,1,1,0,0,1,1,2,0,0,2,1,0,1,1,1,0,0,1,1,2,2,0,0,2,2,0,0,0,2,0,1,1,0,0,0,1,3,4,1,2,1,2,3,2,1,2,0,1
Penelope Monroe,0,0,0,1,0,1,2,1,1,0,0,2,2,1,1,1,0,2,3,3,0,0,2,0,0,2,2,1,1,0,0,0,1,0,0,3,0,0,0,0,1,0,0,0,0,1,0,0,0,1,1,1,0,1,0,1,2,0,0,1,0,1,1,0,0,1,2,1,1,1,0,1,0,0,0,1,0,0,0,0,0,1,0,3,0,2,0,1,1,0,0,0,0,0,0,1,1,1,0,1,3,1,0,0,0,1,2,0,2,0,1,3,1,1,0,1,0,0,1,0,27,0,2,0,0,2,0,2,1,0,2,1,0,1,0,0,1,1,0,4,1,0,0,1,1,0,0,2,0,1,1,1,1,2,2,0,1,2,1,0,1,1,0,0,1,1,2,2,2,0,1,1,0,3,1,2,0,0,1,1,1,1,1,1,0,2,0,0,0,1,1,1,0,0,1,0,3,0,0,1
Liza Bergman,0,0,1,0,0,1,2,1,0,1,0,0,2,3,0,0,1,0,1,0,0,0,1,0,0,2,1,0,1,0,0,0,1,0,0,0,1,2,1,0,0,0,1,0,1,0,0,0,0,0,1,1,0,1,0,0,0,0,0,5,1,1,2,0,3,0,0,2,0,1,0,0,1,1,3,0,0,0,1,0,1,0,0,1,1,1,0,2,1,0,2,0,1,0,1,1,0,0,1,0,0,0,1,0,1,0,2,2,2,1,0,1,2,1,0,1,1,0,2,0,0,25,1,1,1,1,0,2,0,0,0,1,0,1,1,2,0,0,1,2,0,0,1,0,1,1,0,1,0,0,2,0,1,2,3,2,1,0,0,0,1,0,0,1,0,1,0,0,1,0,0,1,1,1,0,1,0,1,1,1,0,0,0,1,0,1,2,2,0,0,0,0,1,1,3,1,0,1,0,0
Salma Nolte,1,0,0,0,0,1,1,1,0,0,0,0,3,0,1,0,1,0,1,0,0,1,3,1,0,1,0,0,0,0,0,0,1,0,0,0,0,0,0,0,0,1,0,1,0,0,0,0,1,2,0,0,2,2,2,2,0,0,0,0,2,0,0,1,2,2,0,1,1,2,0,1,1,0,0,0,1,0,0,0,0,0,0,2,1,0,0,4,2,1,2,0,1,0,1,1,0,0,0,1,1,1,0,0,0,4,3,0,1,1,1,1,1,0,1,0,0,0,1,1,2,1,25,0,1,1,0,1,1,1,0,0,0,0,0,0,4,1,1,1,0,2,1,0,0,0,2,1,0,1,0,0,0,2,0,0,0,0,0,0,0,0,2,2,0,0,0,0,2,0,1,1,1,0,2,1,2,0,1,0,2,0,0,0,0,1,2,0,0,0,0,2,0,0,2,1,1,0,0,0
Julianne Dench,0,2,2,0,3,2,1,0,2,2,2,1,0,0,0,1,0,0,2,1,2,0,1,2,1,0,2,1,1,1,0,0,0,1,1,1,0,1,0,2,0,0,1,0,1,0,2,2,2,0,0,0,3,1,0,2,0,0,0,0,0,1,0,2,1,1,3,0,0,1,0,1,2,2,1,2,2,1,0,0,0,2,0,2,2,1,0,0,1,2,1,1,0,0,0,1,0,1,1,0,0,2,1,0,2,1,0,0,1,1,0,0,2,0,0,2,1,2,1,1,0,1,0,32,1,1,2,1,0,0,2,2,0,1,0,0,0,2,1,2,3,4,1,2,1,1,0,0,0,3,1,0,2,1,1,1,0,0,1,1,1,1,0,1,1,0,0,1,1,0,1,1,0,1,2,0,0,0,0,0,2,0,1,0,3,0,0,3,2,1,1,0,0,2,1,1,0,1,2,0
Scarlett Bening,1,1,2,1,0,0,0,1,0,0,0,0,0,0,0,0,0,0,1,0,0,2,2,0,0,0,0,1,1,2,0,1,2,0,0,0,3,0,0,0,0,0,0,1,0,0,0,1,0,1,0,0,0,1,0,0,0,3,0,0,0,0,0,0,1,0,2,0,1,1,0,0,1,1,0,0,2,1,0,3,1,2,1,1,0,0,0,1,1,1,1,1,0,0,2,2,1,1,0,2,0,2,0,0,0,1,1,0,0,2,3,0,2,2,0,1,1,4,0,2,0,1,1,1,26,0,2,0,2,0,0,1,1,1,0,1,0,1,0,0,1,0,0,3,1,0,1,1,0,3,1,0,1,0,4,2,0,2,1,0,0,0,1,0,0,1,1,0,2,1,0,0,1,0,1,1,2,0,1,0,1,0,1,0,1,0,0,2,1,0,2,0,0,0,0,1,0,2,1,0
Albert Nolte,1,0,0,1,0,0,1,0,1,0,2,0,0,1,2,0,0,0,2,0,2,0,2,0,1,0,0,1,0,0,1,0,1,0,0,0,1,2,1,0,1,1,0,0,0,0,0,1,1,0,1,2,0,0,0,1,1,2,0,0,0,2,0,1,3,1,0,1,1,2,1,2,0,0,0,1,0,1,2,1,1,3,0,3,0,3,1,1,2,0,1,0,2,0,1,0,0,1,1,2,3,2,0,0,0,0,1,2,0,0,1,2,2,0,1,1,2,2,0,0,2,1,1,1,0,31,0,1,3,2,0,1,0,1,2,0,1,0,0,1,0,2,1,0,1,1,0,0,2,0,1,0,0,1,2,0,0,1,0,0,2,0,0,3,2,1,0,2,0,1,1,2,1,0,1,1,3,0,1,0,0,1,1,0,2,0,2,1,0,2,0,2,0,1,1,2,0,3,0,0
Frances Tomei,0,1,1,0,3,2,1,1,0,0,0,1,0,1,0,0,3,0,0,0,0,1,2,3,1,2,3,4,0,0,0,1,0,2,1,0,1,0,0,1,1,0,0,1,0,1,0,1,1,1,0,1,2,0,0,0,3,1,0,1,0,0,0,2,1,0,1,1,0,0,1,1,0,2,2,0,0,0,0,0,2,1,3,1,1,0,0,1,1,0,0,0,1,0,1,0,1,2,1,0,0,2,2,2,0,1,2,1,0,0,2,1,1,0,1,0,0,1,0,1,0,0,0,2,2,0,23,0,0,0,1,0,0,0,0,0,3,2,0,0,1,1,1,0,0,0,1,1,2,1,1,0,0,1,0,1,1,0,0,2,3,1,0,3,0,0,0,1,0,0,0,0,0,0,0,0,0,2,3,0,1,0,0,0,0,0,0,0,1,0,0,0,0,0,0,0,2,2,0,1
Kevin Garland,2,1,0,1,3,0,1,2,0,1,0,0,0,1,1,0,2,0,1,1,0,0,0,0,1,0,1,1,1,1,0,0,0,2,0,0,3,1,0,0,0,1,0,0,0,0,1,0,0,0,0,1,2,1,0,1,0,3,1,1,0,0,1,0,0,1,0,1,2,2,0,1,1,1,0,0,1,0,2,1,2,2,0,0,0,4,0,2,2,2,1,1,1,1,1,1,2,2,1,0,2,1,0,1,0,1,1,1,0,2,0,1,0,0,0,1,2,2,3,0,2,2,1,1,0,1,0,33,1,1,0,1,0,2,0,1,0,0,3,0,0,0,1,2,2,0,1,0,1,1,1,1,1,1,1,0,1,1,0,0,1,0,0,1,1,1,0,0,1,0,1,2,0,0,0,2,1,0,0,0,2,1,1,0,2,0,2,0,0,1,1,2,3,0,1,0,0,0,1,0
Cate Mcqueen,0,1,1,0,2,0,0,0,2,0,1,0,0,1,2,1,1,2,1,0,0,1,1,0,1,2,1,0,2,0,1,1,1,2,0,0,2,1,2,1,3,1,1,1,1,1,1,2,1,0,0,1,0,0,1,2,0,1,1,2,0,0,1,1,2,0,0,2,0,0,1,1,0,0,0,2,0,0,1,1,1,0,0,2,0,1,0,1,0,2,1,0,1,0,0,1,0,1,2,0,2,1,2,1,1,0,1,1,2,0,2,1,1,0,0,1,1,0,0,2,1,0,1,0,2,3,0,1,30,0,2,1,3,0,0,1,1,1,0,0,2,0,1,1,0,0,0,0,2,1,1,0,0,1,2,1,2,0,1,0,0,0,0,0,1,2,0,1,2,2,0,1,1,1,0,1,0,0,1,0,0,0,1,2,2,0,2,1,2,1,0,2,2,0,0,0,0,0,0,2
Daryl Crawford,1,1,0,1,1,1,2,0,0,0,3,0,1,1,1,1,0,0,0,2,1,3,2,0,0,0,1,1,0,0,1,2,1,0,0,0,0,1,2,1,2,0,2,0,1,0,0,2,2,1,0,1,0,1,0,0,1,1,1,1,0,1,1,2,2,1,0,1,2,3,0,3,0,1,1,1,1,1,2,0,2,1,2,0,0,0,4,0,1,0,2,0,0,0,0,1,1,2,1,0,0,0,2,0,0,1,1,2,1,0,0,2,0,1,1,1,0,0,1,1,0,0,1,0,0,2,0,1,0,30,2,0,0,1,0,0,1,2,0,1,1,0,0,0,0,0,1,0,0,1,1,0,1,1,1,1,1,0,1,1,5,0,1,3,1,0,0,3,0,1,1,0,1,1,0,1,2,0,0,0,0,1,1,4,1,0,0,0,0,1,1,2,1,1,2,1,2,1,1,0
Greta Keitel,0,0,1,0,1,1,0,0,0,2,1,4,0,1,1,1,1,0,1,1,2,1,2,1,0,2,0,2,0,0,1,2,1,2,0,1,0,0,1,3,0,0,0,0,1,1,0,0,1,0,2,0,2,1,1,0,1,1,1,0,0,2,3,1,0,1,3,1,1,3,1,0,0,0,1,0,0,1,0,0,1,1,2,2,2,0,0,0,0,0,0,1,1,1,0,2,1,1,2,0,0,1,2,0,0,0,0,1,4,0,1,0,2,2,1,1,0,0,1,2,2,0,0,2,0,0,1,0,2,2,27,1,1,1,0,0,0,0,1,2,2,1,1,1,1,0,1,1,0,0,0,0,0,1,0,0,2,1,2,1,1,0,0,1,2,1,1,1,1,2,2,1,2,1,1,0,1,1,0,2,1,0,0,1,0,1,0,0,1,1,0,1,0,1,2,0,0,0,0,1
Jane Jackman,0,0,1,1,1,0,1,0,1,0,0,0,1,0,0,0,2,0,0,0,1,0,0,1,0,1,0,0,2,0,0,0,1,0,0,2,0,1,1,1,1,3,1,2,1,0,1,0,0,0,0,1,0,0,1,1,0,1,1,1,0,0,1,1,0,0,0,0,0,0,1,1,0,0,1,1,0,0,0,1,0,0,1,2,2,0,1,1,1,0,0,1,2,1,3,0,3,0,2,0,0,2,0,1,0,0,1,0,1,1,2,0,1,1,0,1,2,1,0,1,1,1,0,2,1,1,0,1,1,0,1,25,0,0,0,1,0,0,0,0,2,0,2,0,3,1,0,0,1,3,1,0,0,0,2,0,1,1,1,0,2,0,1,0,3,0,1,0,0,0,1,0,1,1,0,1,0,0,0,1,2,1,0,0,1,0,0,2,0,1,0,0,0,0,1,1,1,1,1,0
Adam Hopper,0,0,0,0,0,0,2,0,0,1,0,0,2,0,1,1,0,0,1,1,0,0,0,0,2,2,3,0,2,0,1,0,0,0,0,2,0,0,0,0,0,0,2,0,0,1,0,1,0,1,0,0,0,0,1,0,1,1,0,1,0,0,0,1,0,0,0,1,0,0,0,0,1,2,0,0,1,0,0,0,0,0,0,0,0,0,0,0,0,2,1,0,0,0,0,0,1,1,1,0,0,0,0,0,2,1,1,3,0,0,2,1,0,0,2,0,0,0,1,0,0,0,0,0,1,0,0,0,3,0,1,0,22,3,1,0,1,1,0,0,0,0,0,0,0,1,2,1,1,0,0,0,1,1,1,0,0,2,1,0,0,1,0,1,0,0,1,1,1,0,0,2,1,0,0,1,0,2,1,0,1,0,0,0,0,1,1,1,2,2,1,0,0,0,0,1,0,2,0,1
Richard Penn,1,0,0,2,2,0,3,0,1,0,0,1,2,0,4,1,1,2,0,1,0,0,0,1,0,2,1,1,3,1,1,0,0,1,0,2,1,1,0,3,1,0,1,1,1,2,3,0,0,0,0,0,2,0,0,1,0,1,1,2,0,1,0,1,1,1,0,1,1,0,1,1,1,0,0,0,1,0,1,2,0,0,0,0,0,0,0,1,0,2,2,0,1,1,1,0,1,2,0,1,0,0,1,0,1,1,1,3,2,1,0,1,0,0,2,1,1,0,0,2,1,1,0,1,1,1,0,2,0,1,1,0,3,30,1,0,2,2,0,0,0,0,0,1,0,2,2,3,0,1,2,0,0,1,0,0,1,1,1,1,1,2,0,0,1,0,1,1,2,2,2,2,1,0,0,0,0,1,2,0,2,0,1,1,3,0,1,2,1,1,1,0,0,0,0,1,0,3,0,0
Gene Hopkins,0,2,1,0,0,0,0,1,0,0,1,1,2,0,0,0,0,1,0,1,0,0,0,0,0,0,0,0,0,0,0,1,0,0,0,1,1,0,1,0,0,1,1,1,1,0,0,0,3,2,0,2,1,1,0,1,0,1,0,0,0,1,1,0,1,1,2,2,0,0,0,0,1,0,0,0,0,0,0,1,1,0,1,1,1,2,0,2,0,0,0,0,0,0,0,1,0,0,0,1,1,3,1,0,0,2,0,0,3,1,0,0,0,0,1,0,0,0,1,0,0,1,0,0,0,2,0,0,0,0,0,0,1,1,22,0,1,0,0,0,0,1,0,0,1,1,2,0,0,1,0,1,0,1,0,0,0,1,0,0,3,0,0,0,0,0,1,1,1,0,1,0,0,0,0,0,1,0,2,0,0,1,0,0,0,0,0,0,1,1,1,0,0,1,0,0,1,1,1,0
Rita Reynolds,0,2,0,1,0,0,2,1,0,0,1,0,0,0,2,2,0,1,0,1,1,0,0,0,0,0,0,0,0,1,1,1,0,0,1,1,1,2,1,0,0,1,0,1,2,0,1,0,0,0,0,0,0,0,1,0,0,2,1,0,0,1,0,2,1,1,0,1,1,1,0,0,0,1,2,0,1,0,2,1,1,0,1,1,0,0,2,0,1,0,0,0,1,0,1,3,1,1,0,0,0,0,0,0,0,0,0,2,0,0,0,0,0,3,0,0,1,0,3,0,0,2,0,0,1,0,0,1,1,0,0,1,0,0,0,20,1,0,1,3,0,0,0,0,0,1,0,0,2,0,1,0,0,1,0,0,2,1,1,2,2,1,1,0,0,0,1,0,0,0,0,0,0,0,2,2,1,0,2,1,0,0,0,1,0,0,0,0,1,0,0,1,0,2,0,2,2,2,1,0
Ed Mansfield,1,1,0,2,1,2,3,0,1,0,2,2,0,0,1,1,0,2,0,1,1,1,3,2,1,0,0,0,0,1,0,1,3,0,1,0,1,0,0,1,0,0,1,1,0,0,1,0,1,5,2,2,1,2,2,2,0,1,0,1,1,0,1,0,0,2,1,0,1,1,0,0,0,0,0,2,1,1,2,1,0,1,1,1,0,1,2,0,2,1,2,1,2,0,1,1,0,2,1,2,1,0,2,1,1,3,1,1,0,1,0,3,0,0,2,1,1,0,0,1,1,0,4,0,0,1,3,0,1,1,0,0,1,2,1,1,32,1,2,3,0,0,1,0,1,1,1,0,1,1,0,0,0,3,1,1,0,0,3,0,2,1,0,0,0,2,1,1,0,2,0,1,1,1,1,1,2,0,1,1,2,1,0,0,1,1,2,0,0,1,2,2,0,0,2,0,2,2,0,2
Morgan Williams,1,1,0,2,1,0,2,1,0,2,1,0,2,1,1,1,2,2,0,0,2,2,2,2,2,4,0,3,0,0,0,0,2,0,0,2,0,1,1,0,1,0,3,0,0,1,0,0,1,0,0,2,1,1,1,0,0,1,0,0,3,2,1,1,0,0,0,0,0,2,0,1,0,1,1,0,1,1,0,1,3,0,3,1,2,1,1,0,1,4,1,0,1,0,0,0,1,1,0,0,0,3,2,0,0,1,0,1,1,0,0,2,1,1,2,1,0,1,0,0,1,0,1,2,1,0,2,0,1,2,0,0,1,2,0,0,1,27,1,1,0,0,0,0,0,1,3,0,0,2,1,0,0,1,2,1,0,0,0,0,0,1,1,2,1,0,0,3,2,1,0,1,2,1,0,1,1,1,1,0,0,1,1,1,0,0,1,1,0,0,1,0,1,0,0,0,3,2,0,0
Lucille Dee,1,1,1,0,0,0,0,0,0,0,1,0,0,2,2,2,0,1,0,0,0,0,1,0,1,1,1,2,0,0,0,0,1,1,1,1,3,1,0,1,0,0,0,0,1,0,2,0,0,0,1,2,1,1,2,0,1,1,0,1,2,0,0,0,1,2,0,1,0,1,1,0,2,1,2,0,0,0,0,1,2,2,1,0,1,0,1,1,0,2,0,0,2,1,1,3,1,3,0,0,0,0,2,1,1,1,1,1,1,2,1,3,0,2,0,1,0,0,2,0,0,1,1,1,0,0,0,3,0,0,1,0,0,0,0,1,2,1,24,0,2,0,0,1,1,0,1,0,0,2,1,0,1,0,1,0,0,1,1,0,0,0,0,0,0,1,1,0,0,1,0,1,0,2,0,0,1,0,0,2,1,2,0,0,0,1,2,1,0,1,0,2,1,0,2,0,1,1,0,1
Ewan Gooding,1,1,0,1,0,2,3,0,2,0,1,3,0,1,0,1,0,0,1,0,0,0,2,0,0,2,1,2,2,1,0,0,1,1,1,0,1,0,0,3,0,0,1,0,0,1,1,1,1,0,0,1,2,2,0,2,2,1,1,1,0,1,0,0,0,2,1,1,1,0,1,1,0,0,2,1,1,1,1,1,0,0,2,2,0,1,1,2,2,2,2,2,2,1,1,2,0,1,1,2,0,0,5,0,2,0,1,0,2,0,0,2,0,3,1,0,1,0,1,2,4,2,1,2,0,1,0,0,0,1,2,0,0,0,0,3,3,1,0,33,1,1,2,2,1,0,0,1,0,3,3,0,0,4,1,2,0,0,1,0,1,1,1,0,0,0,1,2,0,0,3,3,2,0,2,1,0,1,1,0,4,0,2,1,0,0,0,1,1,0,0,1,0,1,1,1,2,3,0,0
Whoopi Hurt,1,1,1,0,2,2,1,0,0,1,1,0,1,2,0,0,0,0,1,0,1,2,2,1,0,0,1,1,0,1,0,1,2,0,0,1,0,0,2,1,0,1,1,0,1,3,3,1,1,0,1,1,1,0,1,0,1,1,1,3,0,0,0,0,0,2,2,1,0,0,0,1,1,1,1,1,0,2,0,0,1,0,1,2,0,2,2,2,0,0,0,2,0,1,0,2,1,1,0,2,0,2,0,0,1,1,1,1,2,1,1,2,0,1,0,0,2,1,0,2,1,0,0,3,1,0,1,0,2,1,2,2,0,0,0,0,0,0,2,1,32,0,2,3,1,1,0,1,1,1,2,1,0,1,0,0,1,1,0,0,0,0,0,1,1,0,1,0,1,1,1,0,1,1,2,0,0,1,1,3,0,0,1,0,2,1,1,0,2,1,2,0,0,2,0,2,2,0,1,0
Cate Harris,0,0,1,1,0,0,1,1,2,1,1,0,0,0,0,0,0,1,2,2,0,1,2,1,0,1,0,2,1,0,2,0,0,1,1,1,2,1,1,1,0,1,0,0,1,2,2,0,1,2,1,1,1,0,0,1,0,0,2,0,1,0,0,0,1,3,1,3,0,0,0,0,2,0,0,2,0,0,2,2,0,2,0,2,0,1,1,1,0,0,0,2,1,2,0,1,0,3,2,0,2,2,0,0,1,0,1,2,1,1,0,0,3,0,1,2,0,1,0,0,0,0,2,4,0,2,1,0,0,0,1,0,0,0,1,0,0,0,0,1,0,28,1,1,0,3,1,2,2,0,0,3,0,1,3,1,0,2,1,1,2,1,0,1,2,0,2,1,3,1,1,0,2,0,3,1,1,0,0,0,0,0,1,2,0,0,1,2,1,0,1,0,1,1,1,0,1,1,1,0
Jada Ryder,0,2,0,1,0,0,1,2,0,1,0,2,0,1,0,0,2,2,0,1,0,0,1,1,1,2,1,1,1,0,0,1,2,1,2,1,1,1,0,2,0,1,1,1,1,1,0,0,0,2,0,1,0,1,0,0,0,1,0,1,0,0,1,1,2,3,0,0,1,1,0,0,0,0,0,0,0,0,0,0,2,0,0,1,1,1,0,1,0,0,0,2,2,0,2,0,0,0,2,1,1,2,1,2,1,1,0,1,1,1,0,1,0,0,0,0,1,2,1,0,0,1,1,1,0,1,1,1,1,0,1,2,0,0,0,0,1,0,0,2,2,1,31,3,1,0,2,0,1,0,1,1,0,1,0,1,1,0,1,1,0,1,0,0,0,0,3,0,1,1,1,1,0,0,1,1,0,0,0,0,0,0,1,1,2,0,2,1,0,0,1,1,0,0,2,2,1,1,0,0
Angela Witherspoon,0,2,1,1,0,1,1,1,0,0,0,2,0,0,1,0,1,0,2,0,1,1,2,1,0,1,1,1,2,1,1,1,2,4,0,0,2,0,1,1,1,0,2,0,2,1,1,4,0,1,0,0,0,1,1,0,1,1,2,0,0,2,0,1,1,0,1,1,1,2,0,0,0,0,0,0,0,4,3,1,1,0,1,2,1,1,1,2,2,1,0,0,2,1,3,1,0,1,0,1,0,1,2,1,1,0,1,0,2,3,0,1,1,0,1,0,2,1,0,0,1,0,0,2,3,0,0,2,1,0,1,0,0,1,0,0,0,0,1,2,3,1,3,35,2,0,0,0,0,2,0,0,0,1,3,1,1,3,1,0,1,2,1,0,1,0,0,0,1,1,1,0,1,0,1,0,0,2,1,0,0,2,0,0,1,1,1,1,1,0,2,0,3,2,1,1,2,1,4,0
Kim Allen,0,0,0,0,0,1,0,0,0,0,0,3,1,2,0,1,2,0,0,2,1,0,0,0,0,0,0,2,0,0,0,0,1,0,1,0,0,0,1,1,0,2,0,1,0,0,1,0,0,1,0,1,1,0,0,2,1,2,1,0,0,1,1,0,2,0,1,0,0,1,0,0,1,0,0,0,0,1,0,1,2,2,1,1,1,1,2,0,0,0,0,0,0,1,4,2,1,1,1,2,0,1,0,2,1,1,1,1,0,1,2,0,0,2,0,1,0,0,2,1,1,1,0,1,1,1,0,2,0,0,1,3,0,0,1,0,1,0,1,1,1,0,1,2,28,1,1,0,0,2,1,1,0,0,0,1,2,1,0,0,1,1,1,0,0,0,3,0,0,0,2,2,2,0,1,1,2,1,1,0,2,0,0,1,1,0,3,0,1,0,3,3,2,0,2,0,1,1,1,0
Albert Johansson,0,1,1,1,1,0,1,0,2,2,2,4,3,0,0,2,1,0,0,0,2,1,1,1,1,0,0,0,1,1,0,2,0,1,0,3,2,0,1,1,0,2,1,1,1,2,1,1,1,2,1,0,0,0,2,0,1,0,0,1,1,0,2,1,2,3,3,1,1,0,0,2,0,2,2,0,1,0,1,1,0,1,0,0,2,0,0,1,0,2,2,0,2,2,3,1,2,2,2,1,1,0,0,1,1,2,0,1,2,2,0,1,0,2,0,2,1,1,2,0,0,1,0,1,0,1,0,0,0,0,0,1,1,2,1,1,1,1,0,0,1,3,0,0,1,33,2,0,0,0,0,0,0,1,2,0,0,1,0,0,0,3,0,0,0,0,2,0,2,1,1,0,1,0,2,1,1,1,0,3,0,2,0,2,2,0,0,0,2,1,4,2,0,0,0,0,0,1,0,1
Fay Winslet,0,1,1,0,1,0,3,1,0,1,0,0,1,1,0,0,2,0,0,0,0,1,2,2,1,1,1,1,1,1,1,1,1,0,0,1,1,0,1,1,2,2,1,0,1,1,2,1,0,2,0,1,1,1,0,1,0,1,1,1,2,2,0,0,1,1,0,0,1,0,0,1,0,0,1,1,0,0,0,2,3,0,0,0,2,0,0,0,1,3,0,0,1,0,1,1,1,0,0,0,1,1,3,2,1,3,0,0,0,0,1,1,1,0,2,0,0,3,1,2,0,0,2,0,1,0,1,1,0,1,1,0,2,2,2,0,1,3,1,0,0,1,2,0,1,2,31,0,2,1,1,1,0,0,2,0,1,1,0,0,0,3,1,2,0,0,3,1,0,2,1,1,2,1,1,0,2,1,2,0,0,1,0,0,1,1,0,0,0,2,1,1,0,0,2,0,1,0,1,0
Emily Dee,0,1,0,0,0,0,2,0,0,0,0,0,1,0,1,0,0,0,0,0,0,0,1,0,1,0,0,0,3,0,1,0,0,0,0,0,0,0,1,0,0,0,0,0,0,1,0,1,0,0,0,0,0,0,1,1,0,0,1,1,0,0,1,0,0,2,1,1,0,0,0,1,1,0,0,0,0,0,0,1,0,1,0,0,0,1,0,1,0,1,1,0,0,1,0,0,0,1,0,1,1,0,0,0,0,0,0,1,0,0,1,0,1,0,0,0,0,1,0,0,2,1,1,0,1,0,1,0,0,0,1,0,1,3,0,0,0,0,0,1,1,2,0,0,0,0,0,14,0,1,1,1,0,1,1,0,0,0,1,1,0,0,0,0,0,0,0,0,0,1,1,2,0,0,1,0,0,0,2,0,0,0,0,1,0,1,1,0,0,0,0,0,0,0,0,0,0,0,0,1
Russell Temple,0,2,1,0,2,2,0,1,1,1,1,1,0,0,1,0,0,0,1,1,1,1,1,1,1,0,0,0,0,1,2,0,0,0,0,0,2,1,0,0,1,1,0,0,1,0,3,0,1,1,1,0,1,1,0,1,2,0,1,0,1,0,0,1,0,0,0,0,1,1,1,0,0,0,0,1,2,2,0,2,3,1,2,1,2,1,2,0,1,0,0,0,0,1,3,0,0,2,2,0,2,1,3,1,0,0,1,2,0,0,0,0,1,1,3,0,0,1,0,1,0,0,0,0,0,2,2,1,2,0,0,1,1,0,0,2,1,0,0,0,1,2,1,0,0,0,2,0,31,0,0,1,0,2,1,1,2,2,0,0,2,0,1,1,4,1,2,2,1,1,2,0,2,0,1,1,2,1,3,1,1,1,1,2,3,1,1,1,1,0,0,0,0,0,0,1,0,0,1,0
Jayne Nolte,1,1,0,1,0,1,0,0,3,0,2,3,0,0,0,0,2,1,0,2,1,1,1,0,1,0,4,3,1,0,1,0,1,0,0,0,2,0,1,2,0,0,1,2,1,1,3,0,2,2,1,0,5,1,1,3,1,2,0,1,2,0,0,0,0,1,0,1,1,1,1,1,0,0,2,0,0,1,0,0,1,3,3,1,1,1,0,0,0,4,3,2,3,1,3,1,0,2,0,1,0,0,3,2,2,0,0,0,2,1,0,3,1,0,0,1,2,3,0,0,1,0,1,3,3,0,1,1,1,1,0,3,0,1,1,0,1,2,2,3,1,0,0,2,2,0,1,1,0,34,2,0,0,0,0,1,0,1,1,0,1,0,0,1,1,1,2,3,0,1,3,0,0,1,1,0,1,0,1,1,3,0,0,0,1,1,1,1,0,0,1,0,1,0,1,0,1,1,1,0
Geoffrey Heston,0,0,1,1,1,2,3,1,0,1,0,1,1,2,1,0,1,1,2,1,0,1,2,1,0,0,1,1,3,0,1,0,1,0,0,0,1,1,1,1,0,2,0,0,2,1,0,1,0,0,1,0,0,1,0,1,1,0,0,2,1,0,1,0,1,1,1,1,0,0,1,2,0,0,1,0,0,1,2,1,2,1,1,2,1,1,1,1,1,1,2,0,0,0,1,0,0,2,1,0,0,0,0,1,2,0,0,1,1,1,1,1,0,0,0,1,1,1,0,1,1,2,0,1,1,1,1,1,1,1,0,1,0,2,0,1,0,1,1,3,2,0,1,0,1,0,1,1,0,2,26,1,0,1,0,0,2,1,1,0,1,1,0,1,0,0,0,1,1,0,2,0,0,1,0,0,0,0,2,1,2,0,0,1,2,1,0,1,0,0,0,1,0,1,2,0,1,3,0,0
Ben Harris,0,0,0,0,0,0,2,0,1,1,0,0,1,1,1,0,0,0,1,0,1,1,0,0,1,1,0,0,0,1,0,0,0,1,1,0,0,0,1,0,1,0,0,0,1,1,0,0,2,2,2,0,0,0,0,0,2,1,0,0,0,0,1,0,3,0,0,1,0,1,0,1,0,0,0,0,1,2,1,2,4,0,2,1,1,2,0,0,1,0,0,0,0,2,2,0,2,0,1,1,1,0,0,1,2,0,0,0,0,0,0,1,0,2,0,3,0,1,0,0,1,0,0,0,0,0,0,1,0,0,0,0,0,0,1,0,0,0,0,0,1,3,1,0,1,0,1,1,1,0,1,23,1,1,2,0,1,1,3,0,1,1,1,0,1,1,0,1,1,0,2,0,0,0,1,0,0,0,0,1,0,0,0,1,0,1,1,0,0,0,0,4,0,0,0,1,0,0,0,0
Minnie Kilmer,0,1,1,0,3,0,1,1,0,1,2,0,2,3,1,0,0,1,1,1,0,1,2,0,0,1,0,0,1,2,0,1,0,0,2,1,0,0,2,1,1,0,1,0,0,1,0,0,0,2,2,1,0,1,1,0,0,0,0,0,1,2,0,0,2,0,1,0,0,0,0,1,1,1,0,1,1,0,0,0,0,1,0,0,0,1,1,0,0,1,1,1,0,0,0,2,1,0,0,0,1,1,0,0,1,0,1,1,0,1,0,3,3,1,0,0,0,0,2,1,1,1,0,2,1,0,0,1,0,1,0,0,1,0,0,0,0,0,1,0,0,0,0,0,0,0,0,0,0,0,0,1,20,1,0,0,0,2,0,0,0,0,2,0,0,0,0,0,1,1,0,0,0,0,0,0,0,0,2,2,0,0,0,1,1,0,0,1,0,0,0,0,0,2,0,2,0,2,0,0
Meryl Gibson,0,2,1,0,0,1,2,2,0,0,1,1,1,0,0,0,0,1,1,1,1,2,1,0,0,0,0,0,1,0,2,0,1,0,0,0,2,2,0,1,0,0,1,0,2,0,0,0,1,2,0,1,0,3,1,2,0,2,0,1,0,1,1,0,2,0,0,1,2,0,1,0,1,0,1,1,0,0,2,1,0,2,0,0,1,2,0,1,3,0,0,0,1,1,1,0,0,0,0,1,0,1,1,0,0,2,1,1,1,0,1,3,1,1,0,0,0,0,2,1,2,2,2,1,0,1,1,1,1,1,1,0,1,1,1,1,3,1,0,4,1,1,1,1,0,1,0,1,2,0,1,1,1,28,0,1,1,0,3,1,1,1,0,2,1,0,1,2,1,2,0,0,0,0,1,1,0,0,5,0,0,1,0,1,0,1,1,3,0,1,0,1,1,0,1,2,0,1,0,1
Ian Tandy,1,1,1,0,1,0,1,0,0,1,0,1,3,2,0,0,0,0,2,1,0,1,1,0,2,2,1,0,1,0,0,2,0,0,0,3,3,0,0,1,2,1,1,0,1,2,1,2,1,1,1,4,0,0,0,1,1,1,0,0,0,1,1,0,0,1,1,0,0,2,1,2,0,0,0,0,1,1,0,2,0,0,1,1,2,1,2,1,2,0,1,2,0,2,1,1,2,2,0,0,1,1,1,0,0,0,0,2,1,2,2,2,1,2,1,2,2,2,0,0,2,3,0,1,4,2,0,1,2,1,0,2,1,0,0,0,1,2,1,1,0,3,0,3,0,2,2,1,1,0,0,2,0,0,31,0,1,0,1,0,0,0,2,0,0,2,0,1,1,0,1,0,2,0,2,1,0,1,0,0,1,1,1,1,2,0,1,1,0,0,1,1,0,1,3,1,1,2,2,0
Fay Wood,0,2,0,1,0,1,0,1,0,0,0,2,0,0,0,1,0,1,0,0,0,2,0,0,0,0,2,1,2,3,0,0,2,1,0,0,1,2,0,1,0,0,1,0,2,1,1,2,0,1,0,0,2,3,0,3,0,0,0,3,1,1,0,2,0,0,1,0,0,2,0,0,2,1,1,0,0,1,2,1,0,0,1,1,1,0,0,0,0,0,1,0,0,0,1,1,1,1,2,0,0,1,1,1,1,0,0,1,1,0,0,0,0,0,0,2,1,0,0,0,0,2,0,1,2,0,1,0,1,1,0,0,0,0,0,0,1,1,0,2,0,1,1,1,1,0,0,0,1,1,0,0,0,1,0,22,0,0,0,0,0,1,0,1,0,1,0,0,2,1,0,0,1,1,1,0,0,0,0,0,1,1,0,0,2,0,2,1,0,1,1,1,1,0,0,0,0,2,0,1
Greta Malden,0,1,1,1,1,0,1,1,0,0,0,2,0,0,1,1,2,1,1,0,2,2,0,0,0,1,2,3,1,1,2,1,1,0,1,0,2,2,2,3,1,3,0,1,0,0,2,0,1,1,0,0,2,1,0,0,2,0,3,1,1,1,0,3,1,0,2,0,0,0,2,1,0,1,1,3,0,0,0,0,0,1,1,2,0,0,1,0,0,1,2,0,1,3,2,2,2,0,1,2,2,0,4,0,0,1,0,2,1,1,0,1,1,2,2,1,0,1,0,1,1,1,0,0,0,0,1,1,2,1,2,1,0,1,0,2,0,0,0,0,1,0,1,1,2,0,1,0,2,0,2,1,0,1,1,0,32,2,1,0,1,1,1,1,0,1,2,0,2,0,0,1,1,1,1,3,0,1,4,1,2,0,0,4,1,0,0,1,0,2,0,0,1,0,0,2,1,2,2,0
Vivien Basinger,0,2,1,1,0,0,1,2,0,0,2,3,0,1,2,3,1,0,1,0,0,1,0,1,0,1,4,2,1,1,3,0,1,0,0,0,2,1,1,3,2,0,0,1,1,1,0,0,0,3,2,2,0,1,0,0,2,0,2,2,1,1,0,1,0,0,1,2,0,1,1,0,0,2,0,1,0,2,3,0,2,1,1,2,2,2,0,1,1,2,1,0,0,1,1,1,2,3,3,1,1,1,0,2,0,1,2,2,1,1,0,2,2,0,1,0,0,2,0,1,2,0,0,0,2,1,0,1,0,0,1,1,2,1,1,1,0,0,1,0,1,2,0,3,1,1,1,0,2,1,1,1,2,0,0,0,2,35,0,0,2,3,0,0,2,0,1,4,1,1,0,1,1,2,2,0,1,1,0,2,1,2,1,1,2,1,0,1,1,0,2,0,0,1,1,2,1,1,0,2
Laura Brody,0,1,0,0,0,0,0,0,0,0,1,2,1,2,1,0,2,1,1,1,1,3,1,0,0,0,0,0,1,0,2,0,0,0,0,1,0,2,0,1,2,2,1,1,3,0,0,0,0,1,0,1,0,1,0,0,0,2,1,1,0,0,2,0,0,1,0,0,0,1,0,0,1,0,0,2,1,2,0,3,0,4,1,0,0,1,1,0,0,2,0,0,1,1,1,0,0,2,0,2,0,1,4,1,1,1,0,0,2,0,1,1,0,2,0,0,1,0,0,2,1,0,0,1,1,0,0,0,1,1,2,1,1,1,0,1,3,0,1,1,0,1,1,1,0,0,0,1,0,1,1,3,0,3,1,0,1,0,26,0,0,0,0,0,0,1,2,1,1,0,2,0,0,0,1,1,0,0,0,1,1,0,0,0,1,2,2,2,1,2,0,2,0,0,0,0,2,0,1,0
Chris Depp,0,0,1,0,0,1,0,1,0,0,0,1,1,0,1,2,2,2,1,0,0,0,1,1,1,0,0,1,0,0,1,0,0,3,0,1,0,0,0,0,0,0,0,2,2,0,1,1,2,0,0,0,0,0,0,1,2,2,0,0,1,0,0,1,0,1,1,0,0,0,0,0,2,1,1,0,0,1,3,0,2,3,0,0,1,1,0,0,0,0,1,0,0,0,2,0,0,2,0,0,1,1,0,0,0,1,1,0,1,0,0,0,0,0,0,0,0,0,0,0,0,0,0,1,0,0,2,0,0,1,1,0,0,1,0,2,0,0,0,0,0,1,1,0,0,0,0,1,0,0,0,0,0,1,0,0,0,0,0,20,2,0,0,1,0,0,2,1,1,0,0,1,0,0,0,0,0,0,1,0,1,0,0,0,0,1,1,0,1,0,0,0,0,0,2,1,2,0,0,0
Harvey Hope,1,0,0,2,1,0,1,0,0,0,2,1,1,0,3,1,2,0,1,2,2,1,1,1,0,3,1,2,0,0,2,2,0,2,0,1,1,1,2,0,0,0,1,2,2,0,1,0,2,2,0,1,1,0,1,0,2,0,2,0,0,0,0,2,1,0,0,0,0,1,0,0,0,0,1,1,1,1,1,1,1,2,6,2,0,0,0,0,0,0,1,1,2,2,0,1,1,1,1,1,3,1,1,0,1,0,1,0,2,1,1,2,1,2,4,1,2,0,0,0,1,1,0,1,0,2,3,1,0,5,1,2,0,1,3,2,2,0,0,1,0,2,0,1,1,0,0,0,2,1,1,1,0,1,0,0,1,2,0,2,32,0,0,1,2,1,1,3,0,0,0,0,2,0,0,2,3,0,3,0,1,1,1,1,2,0,0,0,1,0,0,0,1,0,0,1,0,2,0,1
Oprah Kilmer,1,0,0,1,1,1,0,0,0,1,1,0,0,2,2,1,1,2,0,2,0,0,1,1,0,0,3,1,0,1,1,0,1,0,1,1,0,1,1,1,1,1,1,0,2,0,0,1,0,1,1,0,1,1,1,1,0,0,1,1,0,0,0,0,0,1,0,0,1,0,1,1,0,2,0,0,1,1,2,0,1,1,2,1,1,1,1,0,2,1,0,0,0,1,0,0,1,0,0,2,1,1,0,0,0,0,2,2,1,1,0,0,0,0,0,0,1,0,1,2,1,0,0,1,0,0,1,0,0,0,0,0,1,2,0,1,1,1,0,1,0,1,1,2,1,3,3,0,0,0,1,1,0,1,0,1,1,3,0,0,0,25,1,0,1,0,0,1,0,2,0,0,0,1,0,0,0,1,2,1,1,1,2,2,1,0,0,1,0,0,1,0,1,2,0,0,1,1,0,1
Christopher West,1,0,1,0,0,0,0,0,2,1,1,0,3,0,0,0,0,0,1,0,0,0,1,0,0,0,1,0,1,0,0,0,1,0,0,1,1,0,0,1,0,0,3,1,0,0,0,0,0,1,1,0,2,0,1,1,1,0,0,1,1,1,0,1,0,2,0,1,0,1,1,0,1,0,0,1,0,1,0,0,1,0,2,1,1,1,1,0,3,1,1,0,0,0,0,1,0,1,0,0,0,0,0,0,1,2,2,2,0,1,0,0,0,1,0,0,0,1,0,1,0,0,2,0,1,0,0,0,0,1,0,1,0,0,0,1,0,1,0,1,0,0,0,1,1,0,1,0,1,0,0,1,2,0,2,0,1,0,0,0,0,1,21,0,2,0,0,0,1,2,1,1,0,0,1,1,1,1,0,0,2,0,0,0,0,0,0,0,0,0,0,1,0,1,0,2,1,1,1,0
Humphrey Willis,2,0,0,2,0,0,1,0,1,0,0,0,1,1,0,0,2,0,1,0,0,1,3,2,0,0,1,1,0,0,1,1,1,0,0,1,0,1,1,0,1,1,0,0,0,2,0,1,1,1,0,0,0,0,0,1,0,1,1,0,1,0,0,3,1,1,0,2,1,1,0,0,1,1,1,0,0,0,1,0,2,0,0,0,2,1,0,0,1,0,0,0,1,0,0,1,1,0,0,0,0,1,1,1,1,1,1,0,1,0,2,0,0,0,0,0,0,1,1,0,0,1,2,1,0,3,3,1,0,3,1,0,1,0,0,0,0,2,0,0,1,1,0,0,0,0,2,0,1,1,1,0,0,2,0,1,1,0,0,1,1,0,0,26,1,0,0,0,1,1,0,1,0,1,1,1,0,0,1,1,0,1,0,1,1,0,0,0,1,0,2,1,2,0,1,3,0,2,0,0
Al Garland,1,0,0,2,3,0,0,0,1,0,1,0,2,2,0,1,1,0,2,2,2,1,1,1,1,1,0,0,0,1,1,0,2,1,0,0,3,0,0,1,1,1,1,0,0,0,1,0,0,1,2,0,1,0,0,1,2,0,2,1,1,1,1,1,0,0,0,1,0,0,1,1,0,0,0,1,0,0,2,1,0,0,1,1,2,1,0,2,0,2,0,1,0,2,1,1,1,2,2,0,1,1,0,2,1,0,2,0,1,0,1,2,0,0,1,1,0,1,0,1,1,0,0,1,0,2,0,1,1,1,2,3,0,1,0,0,0,1,0,0,1,2,0,1,0,0,0,0,4,1,0,1,0,1,0,0,0,2,0,0,2,1,2,1,26,1,1,1,0,0,2,1,0,2,0,0,0,1,1,1,2,2,0,1,4,1,1,1,0,2,0,0,1,0,1,2,0,1,0,0
Nick Degeneres,2,0,0,2,1,0,1,1,0,1,0,0,0,1,1,0,0,1,0,3,1,1,0,0,1,0,0,0,1,0,1,0,1,1,0,2,1,0,0,1,2,1,0,1,1,1,2,0,0,1,0,1,0,0,0,0,1,3,0,1,0,0,1,0,1,2,0,1,1,0,0,0,0,0,0,1,0,2,1,2,0,1,0,0,1,1,0,0,0,1,0,1,0,0,1,0,0,0,1,1,2,2,1,0,0,0,0,0,0,1,0,1,0,1,1,1,1,0,2,1,1,1,0,0,1,1,0,1,2,0,1,0,0,0,0,0,2,0,1,0,0,0,0,0,0,0,0,0,1,1,0,1,0,0,2,1,1,0,1,0,1,0,0,0,1,22,1,1,1,0,1,0,1,2,0,0,2,2,0,1,0,1,0,3,0,0,2,1,1,2,0,4,0,1,1,0,0,0,0,1
Laurence Bullock,1,0,2,1,0,1,2,1,1,1,0,3,1,1,1,1,3,1,0,2,1,2,1,0,0,0,0,1,0,0,1,0,0,1,0,0,0,0,0,1,0,0,0,0,0,1,3,0,0,2,2,1,0,0,0,1,1,2,1,0,0,0,0,0,1,0,1,0,1,2,0,0,0,1,0,0,0,0,1,1,1,2,3,0,1,1,1,0,1,1,0,1,1,3,0,2,0,0,4,1,1,0,1,1,0,1,0,0,0,0,1,0,1,0,1,0,0,1,0,1,2,0,0,0,1,0,0,0,0,0,1,1,1,1,1,1,1,0,1,1,1,2,3,0,3,2,3,0,2,2,0,0,0,1,0,0,2,1,2,2,1,0,0,0,1,1,26,1,0,0,0,0,1,1,1,1,0,0,0,1,0,1,0,0,2,0,3,0,3,1,1,0,0,0,1,0,3,1,0,0
Will Wilson,1,0,2,1,1,3,1,2,1,0,1,2,0,2,2,2,1,0,1,1,1,1,2,0,0,1,1,2,1,0,1,0,2,2,0,1,0,2,0,0,3,0,1,0,1,1,0,0,2,0,1,1,0,0,0,1,1,1,1,0,3,0,1,0,1,0,0,1,0,1,0,1,0,2,0,0,0,1,1,2,1,1,1,0,2,0,2,0,1,0,1,1,1,1,0,1,0,2,0,0,0,2,0,0,1,0,1,0,3,0,0,0,1,0,6,0,1,0,0,0,2,0,0,1,0,2,1,0,1,3,1,0,1,1,1,0,1,3,0,2,0,1,0,0,0,0,1,0,2,3,1,1,0,2,1,0,0,4,1,1,3,1,0,0,1,1,1,31,0,1,1,1,1,0,0,0,3,0,0,0,2,0,1,2,0,2,0,0,1,1,0,0,1,0,0,0,0,2,1,0
Kenneth Hoffman,0,0,1,1,1,0,0,0,2,1,0,0,3,1,1,0,0,0,1,0,2,2,3,0,1,2,1,0,0,1,0,1,1,0,0,0,1,0,1,1,1,2,0,2,1,0,0,1,0,3,1,0,1,1,1,0,0,0,1,0,1,2,1,1,3,1,0,0,0,0,0,0,1,0,2,1,2,2,2,0,3,1,0,0,0,0,0,0,0,1,0,1,2,0,0,1,1,0,1,0,3,1,1,0,0,2,2,2,3,1,0,3,0,1,0,1,0,2,0,0,2,1,2,1,2,0,0,1,2,0,1,0,1,2,1,0,0,2,0,0,1,3,1,1,0,2,0,0,1,0,1,1,1,1,1,2,2,1,1,1,0,0,1,1,0,1,0,0,29,0,1,0,2,0,2,0,1,0,0,1,2,1,0,1,2,0,0,3,0,0,1,0,0,0,1,1,2,0,0,0
Mena Hopper,0,0,1,0,0,0,2,0,0,0,0,1,0,2,1,2,0,0,2,0,0,0,1,0,0,2,1,2,0,0,1,0,1,0,0,1,2,1,0,1,1,1,1,1,4,0,1,1,0,0,1,0,2,2,1,1,0,0,0,1,2,0,0,1,0,0,0,0,2,0,0,0,1,1,2,0,1,0,2,1,1,2,1,2,0,0,0,0,0,1,3,1,0,0,1,0,0,1,2,3,1,1,1,0,1,2,0,0,0,0,1,1,1,1,1,0,0,1,0,1,0,0,0,0,1,1,0,0,2,1,2,0,0,2,0,0,2,1,1,0,1,1,1,1,0,1,2,1,1,1,0,0,1,2,0,1,0,1,0,0,0,2,2,1,0,0,0,1,0,24,0,1,0,1,0,1,1,1,1,1,1,1,0,0,1,1,0,3,0,1,1,0,1,0,0,0,1,2,1,2
Olympia Pfeiffer,1,0,0,0,1,1,0,0,1,0,0,0,0,0,1,1,0,0,0,1,0,1,1,0,0,0,1,2,3,1,1,1,0,1,0,1,1,1,0,1,1,0,1,1,1,1,1,1,0,1,0,0,2,0,0,1,1,1,0,0,0,0,0,0,0,2,0,1,2,2,2,2,0,1,1,0,1,1,0,1,2,0,1,1,2,2,0,0,0,1,0,4,0,0,0,1,0,2,0,0,2,2,0,2,1,0,2,1,2,0,1,1,1,1,0,1,0,1,1,1,1,0,1,1,0,1,0,1,0,1,2,1,0,2,1,0,0,0,0,3,1,1,1,1,2,1,1,1,2,3,2,2,0,0,1,0,0,0,2,0,0,0,1,0,2,1,0,1,1,0,28,0,1,0,0,1,0,3,1,0,2,0,0,1,2,0,2,3,1,1,3,1,1,1,1,1,0,2,1,1
Groucho Williams,0,0,0,0,0,0,2,1,1,0,1,0,2,0,0,2,1,0,1,1,0,0,2,1,1,3,1,0,0,0,1,2,1,1,0,1,1,0,0,1,1,0,1,0,0,2,1,1,1,0,0,0,0,1,0,0,0,0,0,3,3,2,0,1,0,0,1,1,1,0,2,1,2,0,2,0,1,0,0,0,2,0,2,1,1,0,0,0,0,2,4,1,0,1,0,0,1,0,1,0,0,1,2,3,0,1,2,0,3,0,0,1,0,0,1,2,0,2,0,2,1,1,1,1,0,2,0,2,1,0,1,0,2,2,0,0,1,1,1,3,0,0,1,0,2,0,1,2,0,0,0,0,0,0,0,0,1,1,0,1,0,0,1,1,1,0,0,1,0,1,0,25,1,0,0,1,1,1,0,1,2,1,0,2,0,0,1,1,0,1,0,0,0,1,1,2,1,1,0,1
Alan Dreyfuss,1,1,0,1,1,0,0,0,1,0,1,0,3,2,0,1,2,0,0,1,0,2,2,1,2,3,0,1,1,0,1,1,1,0,0,0,1,0,0,1,0,0,1,0,0,0,0,1,0,0,0,0,0,0,0,0,2,1,0,2,1,1,0,2,5,2,1,0,1,0,0,3,1,0,0,0,0,1,1,1,1,1,2,2,0,0,1,0,0,3,1,0,1,0,0,1,0,3,0,0,0,2,2,0,1,0,0,2,1,1,0,1,1,1,3,2,0,1,3,2,0,1,1,0,1,1,0,0,1,1,2,1,1,1,0,0,1,2,0,2,1,2,0,1,2,1,2,0,2,0,0,0,0,0,2,1,1,1,0,0,2,0,0,0,0,1,1,1,2,0,1,1,27,2,1,1,3,0,1,0,2,0,1,0,1,0,1,1,0,0,0,1,1,0,1,0,0,1,0,2
Michael Bening,0,0,2,0,0,1,1,0,1,0,0,0,0,0,0,0,1,0,0,0,0,0,1,0,0,0,1,2,0,1,0,0,1,1,0,0,1,4,1,1,0,0,1,1,1,1,0,1,0,0,0,1,0,0,1,1,1,0,1,1,1,0,1,1,2,0,1,0,1,0,0,0,0,1,1,0,1,1,1,1,2,0,0,2,0,2,0,1,0,0,3,1,1,1,0,0,0,0,1,3,0,0,1,0,1,0,2,1,0,1,0,1,0,0,1,0,2,2,1,0,3,1,0,1,0,0,0,0,1,1,1,1,0,0,0,0,1,1,2,0,1,0,0,0,0,0,1,0,0,1,1,0,0,0,0,1,1,2,0,0,0,1,0,1,2,2,1,0,0,1,0,0,2,24,1,1,1,0,1,2,0,1,0,0,0,0,1,0,1,1,2,3,1,1,2,0,0,0,0,1
William Hackman,0,0,0,1,0,1,1,0,1,2,0,1,3,2,0,1,0,1,0,1,0,2,1,1,0,1,0,1,0,0,1,0,0,0,0,0,0,0,1,0,1,1,0,2,2,0,1,0,2,1,0,2,1,2,0,0,0,0,2,0,1,2,0,1,0,1,1,1,0,0,1,1,2,0,0,0,1,0,0,1,1,1,1,2,1,0,0,0,1,0,1,1,0,0,0,2,1,0,0,1,0,2,1,0,0,1,1,1,1,1,0,0,1,2,0,0,0,2,0,0,1,0,2,2,1,1,0,0,0,0,1,0,0,0,0,2,1,0,0,2,2,3,1,1,1,2,1,1,1,1,0,1,0,1,2,1,1,2,1,0,0,0,1,1,0,0,1,0,2,0,0,0,1,1,27,0,0,1,0,1,1,2,0,1,0,1,1,0,0,0,1,1,1,3,1,1,2,0,1,0
Jon Chase,0,1,2,0,0,1,1,2,0,0,0,0,1,1,1,1,2,0,0,0,0,2,0,0,0,1,1,1,0,0,1,1,1,0,0,0,1,3,2,1,2,1,2,1,0,0,0,1,0,3,1,1,1,1,2,2,0,2,1,0,0,0,2,1,1,0,1,1,0,0,0,0,1,2,0,0,3,0,0,0,3,2,0,1,2,1,1,0,1,1,1,2,3,2,4,0,1,0,0,1,1,1,3,0,1,0,0,3,1,0,0,2,0,1,3,1,0,0,1,2,2,1,1,0,1,1,0,2,1,1,0,1,1,0,0,2,1,1,0,1,0,1,1,0,1,1,0,0,1,0,0,0,0,1,1,0,3,0,1,0,2,0,1,1,0,0,1,0,0,1,1,1,1,1,0,29,5,1,0,1,0,0,0,0,0,0,3,1,0,1,2,0,0,1,0,1,2,2,0,0
Gene Mckellen,0,1,2,0,0,0,1,1,0,1,1,0,1,1,0,0,0,0,0,0,0,0,2,0,1,1,0,1,0,0,1,1,0,0,1,1,1,2,1,0,1,0,1,1,0,0,0,0,1,1,0,0,0,2,1,0,0,3,0,1,4,0,1,1,2,1,1,0,0,0,2,2,0,2,2,0,1,1,0,1,3,1,2,3,2,1,0,0,0,0,2,0,1,0,0,2,0,1,0,1,1,1,0,1,2,3,1,1,0,1,0,0,1,1,3,1,1,0,2,2,0,0,2,0,2,3,0,1,0,2,1,0,0,0,1,1,2,1,1,0,0,1,0,0,2,1,2,0,2,1,0,0,0,0,0,0,0,1,0,0,3,0,1,0,0,2,0,3,1,1,0,1,3,1,0,5,27,0,0,1,1,0,0,1,0,1,0,1,0,0,2,1,0,1,1,1,1,0,0,0
Lisa Monroe,0,0,0,0,1,2,0,0,2,3,1,1,0,1,0,0,0,0,0,1,2,2,0,2,1,1,2,0,2,0,2,1,0,0,0,0,1,1,1,2,1,0,0,2,2,0,1,1,0,0,2,1,1,0,2,0,1,0,0,0,1,0,1,1,1,0,0,0,0,0,0,1,0,1,2,0,0,1,0,0,1,0,0,0,0,0,0,0,0,0,1,0,0,1,1,0,0,2,1,0,0,1,4,1,0,0,1,0,3,0,0,2,1,0,1,0,0,2,2,0,0,1,0,0,0,0,2,0,0,0,1,0,2,1,0,0,0,1,0,1,1,0,0,2,1,1,1,0,1,0,0,0,0,0,1,0,1,1,0,0,0,1,1,0,1,2,0,0,0,1,3,1,0,0,1,1,0,23,1,0,2,1,1,1,0,1,0,3,0,1,0,1,2,0,0,1,2,2,0,1
Ed Guiness,0,1,0,2,5,1,2,1,2,0,0,0,2,1,2,0,0,0,0,0,1,1,0,1,0,1,2,0,1,1,0,1,2,0,2,1,1,2,1,2,1,1,0,1,2,1,2,0,2,2,1,0,1,1,1,1,2,1,1,1,0,0,0,2,1,2,1,0,0,0,0,0,0,1,0,1,1,2,1,0,0,1,0,1,2,0,0,1,1,1,1,0,0,0,1,2,0,0,0,2,1,2,1,0,1,0,1,0,0,2,2,3,1,2,0,0,0,1,1,0,1,1,1,0,1,1,3,0,1,0,0,0,1,2,2,2,1,1,0,1,1,0,0,1,1,0,2,2,3,1,2,0,2,5,0,0,4,0,0,1,3,2,0,1,1,0,0,0,0,1,1,0,1,1,0,0,0,1,29,2,0,0,0,1,0,0,1,1,0,0,0,0,3,1,1,0,1,4,1,0
Jeff Silverstone,1,2,1,0,2,0,0,1,1,0,0,0,2,2,0,0,1,2,1,0,0,0,1,0,0,1,0,0,0,1,0,0,0,0,1,0,2,0,0,1,2,0,0,0,0,1,1,1,4,1,1,0,0,0,1,0,2,0,0,0,0,0,1,1,0,0,1,0,0,2,1,2,1,0,1,0,1,2,2,1,1,2,1,2,1,0,0,0,0,0,0,0,0,2,1,0,1,1,2,1,0,0,0,1,2,2,0,0,1,5,0,3,1,2,0,2,1,0,0,0,1,1,0,0,0,0,0,0,0,0,2,1,0,0,0,1,1,0,2,0,3,0,0,0,0,3,0,0,1,1,1,1,2,0,0,0,1,2,1,0,0,1,0,1,1,1,1,0,1,1,0,1,0,2,1,1,1,0,2,25,3,1,0,0,0,1,2,1,2,1,0,1,0,0,2,0,3,1,0,0
Matthew Carrey,0,0,2,0,1,1,0,1,1,1,0,1,4,0,0,1,1,0,1,0,1,0,1,1,2,0,0,3,1,2,0,0,0,1,0,2,0,0,1,3,1,2,0,2,0,3,1,0,3,2,2,1,0,2,1,2,1,0,1,0,0,0,0,1,0,0,1,0,0,0,2,2,0,1,4,2,2,2,1,0,1,2,0,0,1,0,0,1,0,1,2,0,2,2,0,5,2,1,0,1,1,0,1,3,3,0,1,1,3,0,2,3,0,2,1,0,1,0,1,2,1,0,2,2,1,0,1,2,0,0,1,2,1,2,0,0,2,0,1,4,0,0,0,0,2,0,0,0,1,3,2,0,0,0,1,1,2,1,1,1,1,1,2,0,2,0,0,2,2,1,2,2,2,0,1,0,1,2,0,3,39,2,1,0,2,1,1,1,0,1,2,0,0,0,1,0,1,2,1,1
Debbie Akroyd,0,0,0,1,0,0,0,0,0,0,0,0,1,0,0,0,0,0,0,1,0,0,0,0,0,0,2,1,1,1,0,0,0,2,0,2,0,1,0,0,0,0,0,0,1,0,0,0,1,1,2,1,0,2,0,1,2,0,0,1,3,2,0,0,1,0,0,0,2,0,1,0,0,1,1,0,0,1,1,1,0,1,0,1,1,0,1,2,3,1,1,0,0,0,0,2,1,1,1,0,1,1,2,2,1,2,1,0,0,0,0,1,0,0,0,2,0,1,1,0,1,0,0,0,0,1,0,1,0,1,0,1,0,0,1,0,1,1,2,0,0,0,0,2,0,2,1,0,1,0,0,0,0,1,1,1,0,2,0,0,1,1,0,1,2,1,1,0,1,1,0,1,0,1,2,0,0,1,0,1,2,24,0,0,2,0,0,0,1,2,2,2,1,1,1,1,0,0,0,2
Russell Close,0,0,1,0,0,0,0,0,0,2,2,0,0,1,1,0,1,0,0,0,1,1,1,0,1,2,0,0,1,0,0,0,0,1,2,2,0,0,1,0,0,0,0,0,0,0,1,0,0,1,0,1,1,1,0,1,0,0,1,0,0,0,0,0,0,0,1,0,1,0,0,1,0,0,0,2,1,1,2,1,1,0,0,0,0,1,2,0,0,0,1,1,0,1,0,0,1,1,0,1,1,1,0,0,2,0,0,2,1,0,0,0,0,0,0,0,0,0,0,1,1,0,0,1,1,1,0,1,1,1,0,0,0,1,0,0,0,1,0,2,1,1,1,0,0,0,0,0,1,0,0,0,0,0,1,0,0,1,0,0,1,2,0,0,0,0,0,1,0,0,0,0,1,0,0,0,0,1,0,0,1,0,19,0,0,1,1,0,0,0,1,0,0,0,1,1,0,0,0,0
Humphrey Garland,0,0,4,1,2,0,2,0,1,1,2,0,3,0,3,3,2,0,0,2,1,1,0,1,0,0,2,2,0,1,1,0,1,1,2,0,2,0,1,0,1,2,0,0,0,0,1,0,0,0,0,0,1,0,1,1,0,0,2,0,0,0,0,2,2,0,0,0,1,0,1,2,1,0,1,2,1,0,0,0,0,2,1,1,0,0,1,0,1,0,0,0,0,0,0,1,3,0,2,1,2,2,0,1,0,0,1,1,1,1,1,0,1,3,1,4,2,0,2,1,1,1,0,0,0,0,0,0,2,4,1,0,0,1,0,1,0,1,0,1,0,2,1,0,1,2,0,1,2,0,1,1,1,1,1,0,4,1,0,0,1,2,0,1,1,3,0,2,1,0,1,2,0,0,1,0,1,1,1,0,0,0,0,29,0,0,0,1,1,2,1,0,1,1,0,3,1,2,1,0
Michael Bolger,0,1,0,0,5,0,1,1,1,1,0,2,2,1,0,0,1,0,1,0,1,0,0,0,1,0,1,1,0,1,1,1,2,0,0,1,1,1,1,1,0,1,0,0,1,1,1,0,0,1,0,1,1,1,0,1,1,0,1,1,1,0,0,2,3,0,0,1,1,1,1,2,0,0,1,1,1,2,0,0,1,0,1,0,1,1,1,0,0,0,1,0,0,1,0,0,0,2,0,1,2,1,2,2,0,0,0,3,1,1,1,2,0,0,0,0,1,0,0,0,0,0,0,3,1,2,0,2,2,1,0,1,0,3,0,0,1,0,0,0,2,0,2,1,1,2,1,0,3,1,2,0,1,0,2,2,1,2,1,0,2,1,0,1,4,0,2,0,2,1,2,0,1,0,0,0,0,0,0,0,2,2,0,0,30,1,0,0,2,1,0,0,0,0,2,2,1,0,1,0
Julia Zellweger,0,0,0,0,0,1,1,0,1,1,0,1,1,1,0,0,0,0,1,0,1,1,0,0,0,0,1,2,1,0,1,0,0,0,0,0,1,0,1,0,0,1,0,0,2,0,1,0,2,1,0,0,1,0,0,0,1,0,0,0,3,0,1,0,0,0,0,1,0,1,0,1,0,1,2,3,0,1,0,0,3,0,0,1,0,0,1,1,0,1,0,0,0,0,1,0,0,0,0,0,0,0,1,0,0,1,1,1,2,0,0,1,1,0,1,1,0,0,0,0,2,1,1,0,0,0,0,0,0,0,1,0,1,0,0,0,1,0,1,0,1,0,0,1,0,0,1,1,1,1,1,1,0,1,0,0,0,1,2,1,0,0,0,0,1,0,0,2,0,1,0,0,0,0,1,0,1,1,0,1,1,0,1,0,1,16,0,0,0,0,0,0,0,0,0,0,0,1,0,0
Renee Ball,2,1,2,2,0,1,1,0,1,1,0,1,3,1,0,2,1,1,0,2,0,0,1,0,2,1,0,1,1,0,0,0,0,1,1,1,0,0,3,0,1,0,0,0,0,3,2,0,0,1,0,2,1,0,0,3,0,1,0,2,0,0,1,0,0,0,0,2,1,0,0,0,4,1,1,1,3,0,0,0,0,2,1,0,1,1,2,0,1,1,0,1,0,1,3,1,0,1,1,0,2,1,0,0,0,3,0,1,2,0,2,2,0,0,1,2,0,1,1,0,0,2,2,0,0,2,0,2,2,0,0,0,1,1,0,0,2,1,2,0,1,1,2,1,3,0,0,1,1,1,0,1,0,1,1,2,0,0,2,1,0,0,0,0,1,2,3,0,0,0,2,1,1,1,1,3,0,0,1,2,1,0,1,0,0,0,33,1,1,0,1,0,0,1,0,1,1,2,0,2
Rock Dukakis,2,0,2,0,1,1,1,1,1,1,1,1,0,0,0,0,2,0,0,2,0,2,0,0,2,1,1,1,2,1,1,2,0,0,1,0,6,3,2,3,0,0,0,1,1,1,1,1,2,1,0,1,2,1,1,1,0,0,0,0,0,1,1,3,2,0,0,1,3,0,1,1,2,0,0,2,1,0,0,0,0,0,2,2,1,0,0,1,0,1,2,1,2,0,4,0,0,0,0,1,1,5,3,1,1,1,1,4,2,0,0,0,3,1,0,1,3,1,2,1,0,2,0,3,2,1,0,0,1,0,0,2,1,2,0,0,0,1,1,1,0,2,1,1,0,0,0,0,1,1,1,0,1,3,1,1,1,1,2,0,0,1,0,0,1,1,0,0,3,3,3,1,1,0,0,1,1,3,1,1,1,0,0,1,0,0,1,30,0,1,1,0,1,0,0,1,1,2,0,0
Cuba Birch,1,0,0,0,1,2,0,0,0,0,1,0,0,0,0,1,3,0,1,1,1,0,2,0,0,0,0,1,1,0,0,0,0,3,1,1,1,1,0,0,0,0,1,1,0,1,1,1,0,0,2,0,1,0,0,0,0,0,1,0,1,1,0,0,0,0,1,2,0,1,1,0,2,0,1,0,0,0,3,1,0,0,1,0,0,1,2,0,1,1,0,1,1,0,4,1,0,0,1,1,0,0,0,2,0,1,0,1,1,0,0,0,0,1,0,0,1,0,1,3,0,0,0,2,1,0,1,0,2,0,1,0,2,1,1,1,0,0,0,1,2,1,0,1,1,2,0,0,1,0,0,0,0,0,0,0,0,1,1,1,1,0,0,1,0,1,3,1,0,0,1,0,0,1,0,0,0,0,0,2,0,1,0,1,2,0,1,0,24,0,1,0,0,1,1,1,1,1,0,0
Audrey Bailey,0,0,1,2,2,0,3,0,0,0,0,0,1,2,0,1,4,0,0,1,3,1,1,0,2,1,3,1,0,1,1,1,0,0,0,1,1,1,1,1,0,0,0,0,0,1,0,1,0,0,0,0,0,0,0,1,0,2,1,2,1,1,1,1,0,0,0,0,1,0,1,1,2,0,0,2,0,1,0,0,0,1,0,0,0,0,1,3,2,0,1,0,1,1,0,0,2,0,2,0,1,0,2,0,0,1,0,2,2,0,1,1,2,0,0,0,1,0,1,4,1,0,0,1,0,2,0,1,1,1,1,1,2,1,1,0,1,0,1,0,1,0,0,0,0,1,2,0,0,0,0,0,0,1,0,1,2,0,2,0,0,0,0,0,2,2,1,1,0,1,1,1,0,1,0,1,0,1,0,1,1,2,0,2,1,0,0,1,0,27,0,3,0,0,0,0,0,1,0,0
Gregory Gooding,0,1,3,1,0,1,0,0,0,1,1,2,0,0,0,0,1,1,0,0,0,1,0,1,2,1,1,2,1,0,0,2,2,2,1,1,0,1,1,0,2,0,3,2,1,2,0,0,0,1,3,1,0,2,1,0,1,3,0,3,0,0,0,0,1,0,0,4,1,1,1,2,0,2,0,1,2,0,0,1,3,1,0,2,2,2,0,1,2,1,1,1,0,0,2,2,0,0,0,1,0,0,2,2,1,2,1,1,3,0,1,0,0,2,3,0,1,0,2,1,1,0,0,1,2,0,0,1,0,1,0,0,1,1,1,0,2,1,0,0,2,1,1,2,3,4,1,0,0,1,0,0,0,0,1,1,0,2,0,0,0,1,0,2,0,0,1,0,1,1,3,0,0,2,1,2,2,0,0,0,2,2,1,1,0,0,1,1,1,0,30,2,1,0,0,0,0,1,1,3
John Suvari,2,1,1,0,0,0,1,1,0,0,1,2,0,1,1,1,0,0,1,0,3,0,2,0,1,1,1,0,0,1,0,0,2,0,0,1,1,1,0,1,2,0,0,0,2,0,0,0,0,0,0,0,1,0,1,0,2,3,0,1,0,1,1,0,3,1,0,1,0,0,0,0,0,2,1,0,0,1,1,4,2,0,0,0,2,3,0,0,1,1,0,0,2,1,1,0,0,0,0,3,0,0,1,0,1,0,2,0,0,1,0,2,0,2,0,0,1,1,0,2,1,0,2,0,0,2,0,2,2,2,1,0,0,0,0,1,2,0,2,1,0,0,1,0,3,2,1,0,0,0,1,4,0,1,1,1,0,0,2,0,0,0,1,1,0,4,0,0,0,0,1,0,1,3,1,0,1,1,0,1,0,2,0,0,0,0,0,0,0,3,2,29,0,0,3,1,0,1,1,1
Burt Temple,0,0,0,0,0,1,0,0,0,0,1,0,0,0,1,1,1,2,0,0,0,1,0,1,0,1,1,2,1,0,1,1,0,1,0,0,1,0,1,0,0,0,1,2,1,0,0,1,1,0,1,2,3,0,1,2,0,1,1,1,0,0,0,1,0,2,0,1,0,2,0,0,0,2,0,1,0,1,1,2,0,0,1,0,1,1,0,0,0,1,0,1,1,0,0,1,0,1,0,0,0,1,1,0,0,0,1,0,0,0,0,0,0,0,1,0,1,0,1,1,0,1,0,0,0,0,0,3,2,1,0,0,0,0,0,0,0,1,1,0,0,1,0,3,2,0,0,0,0,1,0,0,0,1,0,1,1,0,0,0,1,1,0,2,1,0,0,1,0,1,1,0,1,1,1,0,0,2,3,0,0,1,0,1,0,0,0,1,0,0,1,0,23,1,1,0,1,2,2,2
Meryl Allen,0,0,1,0,0,0,1,0,0,1,1,0,0,2,0,0,0,0,0,1,1,1,1,0,1,1,1,0,0,0,2,0,1,0,1,0,0,0,1,2,1,1,2,1,0,0,1,0,0,0,1,0,1,0,1,0,0,1,1,0,0,2,0,1,1,0,1,3,1,0,0,1,0,2,1,1,1,1,0,0,2,0,2,0,0,2,2,1,1,0,0,0,0,0,0,1,1,0,1,0,1,0,0,1,0,1,0,0,1,1,0,1,0,1,0,1,1,2,1,2,0,1,0,2,0,1,0,0,0,1,1,0,0,0,1,2,0,0,0,1,2,1,0,2,0,0,0,0,0,0,1,0,2,0,1,0,0,1,0,0,0,2,1,0,0,1,0,0,0,0,1,1,0,1,3,1,1,0,1,0,0,1,0,1,0,0,1,0,1,0,0,0,1,22,1,0,1,0,1,0
Jayne Silverstone,1,0,0,0,1,0,0,1,0,0,0,0,1,0,0,0,1,1,2,1,0,0,2,1,0,2,1,0,0,0,0,0,0,1,1,0,0,0,0,2,0,2,1,0,0,0,0,0,0,1,0,0,0,3,1,3,2,0,2,2,1,1,2,0,1,3,1,1,0,1,2,1,0,0,0,1,0,1,2,0,0,0,0,0,1,4,1,1,0,0,1,0,0,0,0,1,0,0,1,0,0,1,0,1,1,1,0,4,1,1,0,3,1,1,0,0,0,2,1,3,1,3,2,1,0,1,0,1,0,2,2,1,0,0,0,0,2,0,2,1,0,1,2,1,2,0,2,0,0,1,2,0,0,1,3,0,0,1,0,2,0,0,0,1,1,1,1,0,1,0,1,1,1,2,1,0,1,0,1,2,1,1,1,0,2,0,0,0,1,0,0,3,1,1,27,1,2,0,0,0
Bela Walken,2,0,0,1,0,0,0,0,1,1,1,1,3,3,3,0,1,1,1,0,0,0,1,1,0,3,0,1,0,1,0,1,2,0,1,1,1,0,2,0,0,0,2,0,1,0,2,0,1,2,0,1,2,1,1,1,1,2,0,1,1,0,0,0,3,0,2,0,0,0,2,0,0,1,1,1,1,0,1,0,0,0,2,0,0,3,1,0,1,2,1,0,0,1,2,0,0,0,0,0,2,0,1,0,1,2,0,0,0,0,1,1,0,0,0,1,1,1,0,2,0,1,1,1,1,2,0,0,0,1,0,1,1,1,0,2,0,0,0,1,2,0,2,1,0,0,0,0,1,0,0,1,2,2,1,0,2,2,0,1,1,0,2,3,2,0,0,0,1,0,1,2,0,0,1,1,1,1,0,0,0,1,1,3,2,0,1,1,1,0,0,1,0,0,1,30,1,2,1,0
Reese West,0,2,1,1,1,2,3,3,4,1,1,1,2,3,0,2,0,0,1,3,1,2,3,1,0,2,1,0,0,0,1,1,0,1,0,0,0,0,2,0,2,0,2,1,1,0,0,1,0,1,2,1,0,1,1,2,1,1,2,0,1,2,1,0,0,1,0,0,0,2,0,1,1,0,0,0,0,0,3,1,0,0,2,0,1,0,3,0,0,0,0,0,1,1,2,1,0,1,0,1,3,2,3,0,0,1,2,1,1,2,1,0,0,2,0,1,0,0,0,1,3,0,1,0,0,0,2,0,0,2,0,1,0,0,1,2,2,3,1,2,2,1,1,2,1,0,1,0,0,1,1,0,0,0,1,0,1,1,2,2,0,1,1,0,0,0,3,0,2,1,0,1,0,0,2,2,1,2,1,3,1,0,0,1,1,0,1,1,1,0,0,0,1,1,2,1,33,2,0,0
Mary Keitel,2,1,1,3,1,1,2,0,0,1,2,1,4,1,6,2,0,1,0,2,0,1,3,0,2,3,1,1,2,2,0,1,0,1,1,1,3,1,0,1,0,2,0,2,0,0,1,2,0,2,1,0,2,1,0,1,0,2,0,3,0,1,0,1,3,1,0,1,0,1,1,1,1,0,2,2,0,0,2,2,2,0,0,1,0,0,2,2,0,1,5,0,2,0,0,1,0,0,0,1,0,2,2,1,2,1,1,1,3,0,1,1,3,0,0,2,0,1,2,2,0,1,0,1,2,3,2,0,0,1,0,1,2,3,1,2,2,2,1,3,0,1,1,1,1,1,0,0,0,1,3,0,2,1,2,2,2,1,0,0,2,1,1,2,1,0,1,2,0,2,2,1,1,0,0,2,0,2,4,1,2,0,0,2,0,1,2,2,1,1,1,1,2,0,0,2,2,40,2,0
Julia Fawcett,0,1,0,0,1,0,1,0,0,0,0,1,0,0,2,1,0,1,1,1,1,0,0,0,0,0,0,1,0,0,0,1,0,0,0,0,1,0,1,0,2,0,0,3,0,0,1,0,0,0,0,1,0,1,0,0,0,1,1,1,0,0,0,0,1,0,1,0,0,1,0,1,0,0,1,1,0,1,0,0,0,0,1,0,1,0,2,0,1,0,0,0,0,0,0,0,0,0,0,1,0,0,0,0,0,0,0,0,0,1,0,0,0,1,0,0,1,2,0,0,0,0,0,2,1,0,0,1,0,1,0,1,0,0,1,1,0,0,0,0,1,1,0,4,1,0,1,0,1,1,0,0,0,0,2,0,2,0,1,0,0,0,1,0,0,0,0,1,0,1,1,0,0,0,1,0,0,0,1,0,1,0,0,1,1,0,0,0,0,0,1,1,2,1,0,1,0,2,15,0
Thora Temple,0,1,0,1,0,0,0,0,0,0,0,1,1,1,0,2,0,1,0,2,0,1,2,0,1,1,1,1,1,1,0,0,1,0,0,1,0,0,0,0,2,0,2,0,2,1,0,0,0,0,3,3,1,0,0,2,1,0,2,0,1,1,1,0,1,0,1,0,0,0,0,0,0,1,0,3,2,0,0,0,1,0,2,0,0,1,0,0,0,0,0,0,0,0,0,0,1,0,1,0,1,0,2,2,1,2,0,1,1,0,1,1,0,1,2,2,0,0,1,1,1,0,0,0,0,0,1,0,2,0,1,0,1,0,0,0,2,0,1,0,0,0,0,0,0,1,0,1,0,0,0,0,0,1,0,1,0,2,0,0,1,1,0,0,0,1,0,0,0,2,1,1,2,1,0,0,0,1,0,0,1,2,0,0,0,0,2,0,0,0,3,1,2,0,0,0,0,0,0,20
